Rainfall,RiverLevel,SoilMoisture,Temperature,Elevation,Flood
23.936793898692365,2.1873650726563323,76.16440048913967,27.45722755447201,96.04870009227503,0
14.944647302155875,4.83378885474261,47.06501125552375,23.854594845391453,89.16276138567443,0
13.822835843709536,1.9905592519379955,37.44325929850713,19.314835584262564,65.51787313215392,0
13.823022943318007,6.520111927379205,61.825732861350104,20.890925857893272,132.32575381880235,0
46.49714412230651,5.164879505869006,67.20191491269566,31.51295198393116,86.86552576756442,0
28.667062309642223,2.084897001070139,37.355950695676924,25.68830970434023,64.64010651490037,0
11.310780017408991,4.381581845900273,76.12722608778397,22.24706466499647,97.90668431631579,0
24.698144734312134,3.4956871888188337,66.0042456914342,27.54844615612328,58.83305890506434,0
19.989602640646467,5.638349020838361,60.96644798565186,20.928009062768382,83.31175095324213,0
2.159149434905854,7.680900892046289,64.33303766253637,32.504215151401894,106.09697098290516,0
6.712422826877063,1.2496550607085108,62.59071455917095,31.764002674483628,56.82544031985784,0
21.061656373481632,5.230052158294835,65.3178212134056,22.667129643986115,117.63797726229174,0
43.65176867483528,4.679734408866719,60.704823476469606,21.856648764845698,99.52899524160645,0
13.91852184959146,6.342680152900932,21.161382624231766,11.9093340065386,123.30214815812127,0
10.580274390543035,5.426393256475379,19.46998598199105,17.59209614224316,122.86474158287868,0
18.140075414721657,3.496061336522362,69.65496120343067,18.30265112521122,82.38770235232691,0
10.052844807180977,4.361892128666764,16.05517717966725,25.675951704936928,83.11392891342722,0
13.177413811391885,3.407948286393022,38.05556539978745,23.3688314777932,112.21136811907667,0
16.493024789402646,7.152014277197196,63.59635352003497,18.273322562923795,67.41138347897285,0
6.401373048438836,5.0426232973438845,68.59370527170114,23.594179787677213,67.55659797160953,0
29.70060094213139,8.802381371506016,56.42615754133203,27.526685738236743,78.73043105012529,1
5.351814462790401,4.878678372370758,51.30672925918838,27.639196749577934,60.52096463425236,0
4.727934438346733,3.5831864661790744,34.60408077119714,15.501648595705595,64.40151844798402,0
19.33950417888135,1.9725712147743457,95.88698733155286,24.358682597580845,65.09870926153314,1
28.133538079790505,1.3937206474881099,58.40788623329701,18.08329611514195,86.96670998828884,0
18.978355743570706,1.8317281139890205,88.28658578002091,29.50864348570137,85.69244788836679,1
15.217791770846008,5.534253302022967,12.294053904206702,28.920732081767493,129.24374833081185,0
13.073814349834743,6.017450046459867,20.469733024781736,20.509863868377707,87.46277218244498,0
11.399098306866504,1.8376185959357332,43.47593048395902,21.169773987998,93.73258818480417,0
34.3779930051945,6.790076628152231,73.00773231261837,22.693664747508464,161.06173608219083,0
21.21043939389922,4.033877896633121,57.75148732190558,13.736033026343303,42.30849506748179,0
12.17318813658654,5.293586023971098,32.686403440191285,26.679840867202884,102.87016321741076,0
9.366065293115572,8.224441256510849,66.68467655216635,23.635777268299346,89.82391632950484,0
25.87618956707874,6.793678631731064,32.91955760133472,29.850875412839294,106.14866320060773,0
33.83441673402218,4.4629387041883355,33.58671834135727,19.507953910187236,80.31305582223112,0
31.812097818028885,3.217615549169425,31.198374929009905,21.90438525875034,87.28496518363929,0
8.010470482113469,0.6963691973413901,47.387430463028274,17.467373709804423,140.12805310896272,0
12.984978012876242,3.56169336151516,43.70166534538474,19.978547182528736,111.72248516832335,0
11.214349675200985,4.577739522344611,72.76606055159256,19.090090019658906,88.67825576572739,0
14.382881157859886,3.0256409456976323,19.09362453262299,29.979868394232227,74.53838412087522,0
29.510885233632564,4.737486065815391,41.21630844894641,21.508690756243038,67.33263930431221,0
41.022624572072104,5.153703765917537,41.93784046344075,25.620878423723067,81.93220940778468,0
21.784871403084985,4.550288036383843,74.4969750499159,23.096182980690976,91.18891638948149,0
9.648446230922172,3.6999948383530805,64.80399584370606,18.652673669935936,160.85959134797838,0
16.20841964888904,5.337309343933455,78.50618387338136,24.158497884141788,100.50466740386561,0
46.12539535073584,5.883881299138818,32.12643487593931,27.995516659317975,77.36747291387907,0
17.815886015538528,2.819201845114308,80.08997832357483,18.96120303728324,42.37430513400702,1
13.096847025755771,7.82186475949254,58.557653458920754,29.045563953656895,73.85728216192327,0
13.988526118012786,4.802823735431477,36.1570700017049,20.75139539261152,81.96768318778459,0
21.715133640480122,5.037699245889695,22.846505578729257,22.585080369635797,103.57842092760067,0
8.256317345052627,6.4164288465131145,82.69567874682508,27.65341561505024,82.92453575081345,0
10.991971181233627,5.466432262527003,33.45642470688098,21.68281921390256,163.37041876686465,0
31.497723935742506,6.90627326782649,42.23524235004142,25.18787429667933,89.17866320848754,0
21.281276153230642,5.574248330403648,40.884306563241836,23.426545856059537,130.65467910303863,0
17.9516084047888,3.775125250719124,57.744386795615036,25.646840033519094,55.26864813623278,0
32.56013564679034,5.723007050412203,28.500955983894414,13.096304472382513,94.41143732164244,0
9.146857837815253,2.7125475853586765,78.24059410796326,15.851590923959586,74.10609043544163,0
12.784349172309803,5.217119411553046,45.29237698821357,28.07983503023419,131.81877710182408,0
20.78930304781394,4.933540018711079,87.13098521431718,30.185907028245254,84.65964595445843,1
20.26914590597363,4.583766285454921,39.774797501111735,20.447566482342395,141.40598404421152,0
4.258455742984131,4.742924977122138,69.77107654072465,23.77985823914433,117.1350450629761,0
11.804614136051148,1.2363019090047218,18.898524933067357,26.473596264511507,81.13460090325886,0
14.669983703616063,3.902550184518077,79.7891991088843,28.46608800829352,66.92972818914029,0
22.446055420317677,5.185689802282229,90.0855661226696,14.861613641645757,75.53997781970283,1
20.217636415175996,5.319712783994801,0.8561401718465721,20.569798765108114,87.31791910094692,0
15.723929640013088,2.9446497181480837,48.37654078967339,23.337103100750625,116.89547634608003,0
2.1410508190600064,7.531415681729401,45.38245718105507,28.515700986180246,95.43060863254206,0
16.326711944514607,3.2676503035709983,7.399517626464262,37.492152418607475,123.54801066615302,0
17.456390277852233,6.938914401053474,42.99031674008502,23.85997136595141,144.97272598199106,0
72.97997788782871,5.854388723743369,33.33904566219735,17.96511268948006,97.03596162706512,0
14.304597726306332,3.7075453803123937,34.04059940501396,27.01134038600649,69.26682310377639,0
20.870595224639974,8.550621785219024,74.22852504519633,31.60497894770355,107.69806708124717,0
36.20212758880965,2.61272633648704,33.07856519720991,25.540070604897505,169.36915613532437,0
28.380726964723607,6.8383083472200035,86.53593103620248,20.466757274228534,125.76836888494299,1
42.12804580611479,7.0011646360859565,31.182553990671142,29.789969707400097,105.11881336466801,1
4.329122194076865,3.6587595818467102,59.08938137470828,28.317728092492175,72.11358830287998,0
6.870618941603256,7.784930600128657,15.093542708670377,19.86959577902188,90.17669565831396,0
10.372670444422269,4.499906970802094,41.9691184964604,26.90712808767171,56.41508629575068,0
3.593171948522547,5.577387258559714,28.863120673897512,29.986327838294365,65.6518388840578,0
17.567572936081476,5.5206436775424415,53.66581206012198,30.909450212794468,108.39786705026941,0
7.391777105705169,4.731382517058904,66.89030226461321,24.66775512345272,52.422590479167084,0
45.7520874668209,6.621616546319564,40.6483399793577,23.209602769103405,85.94613951387029,0
8.462008804452893,6.586977441104426,9.873392337642493,31.136369110406314,63.36297396547308,0
12.845032178696396,1.5029360535236385,40.54825359591554,18.949197485095574,66.68642204217396,0
29.529621597042528,7.608680485756305,57.28741369865,27.192896454605027,97.59602961079482,1
5.291380569674935,1.6750160239286513,23.08787537104812,18.149866863177856,75.5730275743121,0
3.3358316490999114,7.065092408683315,58.22933116494846,30.326881361298014,59.36268961873216,0
19.165717437776124,7.253410273655167,16.350081884393607,23.709772421944194,80.2269638619557,0
20.251904857497532,2.8180671395696035,30.108150065842725,31.342916178237346,58.6985693744296,0
28.934546398238304,4.17837142409083,52.45766321318893,27.457063781777634,138.55576955350796,0
24.35377220027748,2.7885906630281285,41.368946599537765,18.88389884969035,118.93160284054532,0
20.802236705702892,4.570157939422529,65.68344950216715,32.12313866038622,118.76357291920895,0
9.338814169542264,4.383931431628517,5.134079585533765,32.756226332138645,73.27364017937143,0
19.84844911636944,6.55932106453868,48.98301460649727,29.41143246299608,109.5213234283063,0
20.743742601607025,7.620617492239217,42.725474130000514,21.1920606748189,102.04096958649069,0
9.040842928085176,7.791367621579912,63.66449726577876,23.469930228212956,75.0284782264961,0
54.22075519778427,3.875663946843396,60.582565434826485,25.727136087028796,93.53031727455812,0
23.562735707681096,4.581556252510945,50.107836936656945,21.481448003342834,55.544460004965856,0
6.984617454703965,1.6331236155580995,66.8857348265762,33.461732862316026,67.49559002915223,0
29.03277905202262,3.3882598670076227,2.0623157043743556,25.721632358630185,92.71481572831377,0
32.453951404038996,6.929703266194915,22.472079784559995,11.483259764463213,81.68650090613994,0
22.583783487614156,8.231165647096464,30.052629425707067,26.6967790637811,106.48503556462464,0
13.695198381389302,2.531302256240156,67.79774252780011,23.259213015913435,75.66690187669961,0
8.7068534604621,3.8150714816942113,56.58806663008037,24.62536721940776,85.45824158591678,0
15.690971963520981,4.947188486082146,14.248432414771958,23.1569031710715,95.15641934413992,0
21.47025945722302,5.560322317639214,43.77523761189916,29.035232083033435,73.66736386968832,0
16.83508449691649,3.3807929601567075,57.41596939979156,30.598438892766907,84.99619949962387,0
43.35527216987615,5.8481220889281795,32.334522584442695,26.415265811293267,101.8170756470171,0
26.119128358470558,4.052321305858168,15.036219921769423,23.303444064309204,150.99749278091747,0
7.869200543779319,4.9710954582434415,36.858641934548835,24.79331397595415,73.80697628034017,0
6.311876548292238,6.092568496007399,87.1100547351077,25.097998082888143,81.81050843034114,0
23.703511150172915,5.0128445396218755,92.44687602181129,20.987849800675818,208.39263456323795,1
13.945025259693507,4.127228218946863,45.696670821534994,27.894643242856173,125.37062038476253,0
27.688121461893598,4.780780392148339,43.28449836002325,27.30021161930233,135.12648277043243,0
23.553056285864923,4.82327408158933,57.35812352606291,32.70220619888337,112.784410969849,0
15.744018794262605,4.2599779402357445,51.9739390922109,31.276748901442375,134.00979739696726,0
7.950606810600568,4.482407874665795,22.478950304583787,21.57162541204935,72.4869962298885,0
3.76199724686522,8.197294341009433,18.471141606823938,29.101491872544823,129.89323475317286,0
19.586207416977896,6.121838895882478,74.9416027304169,20.24523308452764,120.26062445659258,0
5.202515336190322,4.409039363941679,17.091850370525588,28.47966050470425,66.39886456209369,0
7.662041294056971,6.393908809021472,86.74454476948016,22.41692900619946,85.85347454449617,0
18.73106279986648,4.33236102048798,10.207720435984184,19.883733883122076,45.564735390126245,0
17.42948875519292,7.346249275173283,86.6272666119163,26.400226713487022,99.47280232918574,1
5.83721956473482,5.739284384396187,37.500425461312545,11.627164359229296,129.13694750630523,0
34.92326563523554,4.7853957119915425,8.19822429111792,16.245122127973858,80.48426554364404,0
34.308584304484086,5.895433851620555,72.1777426687754,24.112540581128584,68.8583242308988,0
24.239142083758644,1.8582476958630014,55.274667503146226,25.412208833174212,67.33690467831514,0
24.218444540979807,2.7464650621803894,53.978332242531714,23.153406149209054,94.7091599747442,0
24.239347891307315,2.612149987201889,45.89180717247363,17.102818506412007,112.46758117101031,0
32.265599468570635,5.285886189527414,44.37944365923319,20.910540789307472,152.04304164457054,0
26.569753608282486,8.465029998970184,32.23077778784459,26.95604663618697,44.30682888857589,1
8.547978107475362,9.462600292385265,42.82521278854373,27.908908853141813,145.91724587627107,0
13.792484807043202,6.276102202881514,52.56960731150283,24.918884412020294,101.15060584055728,0
67.96532198224487,6.001688949888914,15.315072122654783,30.784168905184945,127.1811899085835,0
2.3148431907127023,1.397884531694522,66.59165889926362,26.98698511729617,118.02889849167707,0
11.286297094694573,3.9146524005319563,31.471833648978414,21.262721730208938,96.54009229978232,0
35.04812556028296,3.424432496183522,7.3619057341890795,23.597489732941913,95.38951809647726,0
9.032668262358367,3.7583048034977677,42.58869711257404,17.985669213960726,107.43835071180955,0
27.069792883492234,4.663712362830421,52.03271223784769,24.459305048042918,87.92817250371606,0
17.261946383968553,4.055818844605746,30.407841904105904,30.560503096106693,90.14866469721142,0
9.590449170296422,1.0414003792484245,25.14187060988534,28.42645042355484,22.367568607516745,0
1.8101121712115862,6.495820512235068,17.04595482578861,32.01004662959561,114.19577861199537,0
19.19152519935468,2.854513948520387,40.18206368702751,23.485573781005034,73.72247101201444,0
8.386093214828442,5.478493728222299,21.53638767272868,31.73049897257129,130.9952113343874,0
15.228873752748076,9.148165339499947,29.537369464826003,24.033478867760152,127.52057039642274,0
24.07300969925776,3.1612308168271532,26.38989021672578,32.35792541284947,81.94303030947947,0
30.52812298347078,-0.06057504549265946,17.511397607063817,24.890716262789383,114.55224866160799,0
11.256323557740238,4.427991556239778,79.26567951405198,28.536156869021383,109.97196647883199,0
9.575016153241677,7.201919269997142,39.02464960358415,32.375561821549276,79.268040326892,0
5.113060779282968,8.916694908441187,84.80354280584896,24.032861857093973,117.19500981637162,0
31.54629072396417,2.5409008110951663,34.976409711822505,26.09194493772087,149.35308813290962,0
61.81725975508609,5.993398446473043,67.4708003292874,31.44431712603151,132.42058199308954,0
33.864763831996676,4.069379086439893,74.19619638234983,24.334984180349682,59.14527259792274,0
38.95601052642701,4.788103291391729,81.21762295920544,18.395538587469193,111.16930663907355,1
9.098340955223158,10.28868669403407,55.549150520929416,35.71503527292455,125.60236185546573,0
23.078016650556734,1.9940593432096936,38.54339123840556,22.651177678314316,77.64380721321633,0
28.800694989607774,5.5074793229891466,54.62779819226876,25.793780254687714,131.0030819153616,0
6.631385974313213,5.935386343530866,53.741308565832966,30.780033347255635,74.86418050307906,0
47.871521462659615,7.171572649878694,29.850136703711566,21.95753048134399,87.64492344552525,1
4.182134336009834,5.1959663069417905,45.99408339844254,19.96066043388935,75.78527978007048,0
43.05657015895784,5.616101079008205,29.844648536985886,26.268686483874166,71.86728644659712,0
4.152821276969209,4.216702865156417,79.8000143472756,16.034618010438052,107.38472584187431,0
6.93537659944775,5.538253882490214,10.052708158778898,23.5604696156604,60.85943998319156,0
23.372504931363377,4.313615449005179,51.26412017828089,26.22519332157703,89.17879353245908,0
17.58414638271946,6.243143779712102,25.450395018058902,23.65024051587418,107.40177490964615,0
12.17076633177011,4.260779327912732,54.08289906263876,17.282745284071265,76.12173770892998,0
46.671438053898406,5.754200787804373,39.47752038680594,32.97088978102006,138.12905756664168,0
5.249726881020579,4.941474372630044,39.92540106450069,25.517690769745876,91.41573760370599,0
14.782922005596596,7.252100501544336,38.259306708967685,32.155760588808704,148.62994600530652,0
25.473950904989046,4.897212552823028,40.1895665478668,23.699818749097776,157.02729059081665,0
20.563809102050318,1.4539350635862371,59.79609580429861,20.59994009154618,58.64395844813322,0
9.850895712019593,7.523843001427983,53.242912102967246,26.345904601275798,108.72182299014257,0
10.157105839654367,3.1885353982747624,75.06697512593628,23.921064368358902,101.93609800300052,0
30.216999222587727,3.6924673227023606,31.943219784606704,19.11119271004321,84.63752252628878,0
31.186913188657705,3.808677411913016,52.94887370023533,32.34892129393748,96.72248227153833,0
20.956988328288567,7.748876186341635,64.0072414024239,21.88864888553002,207.7923570155014,0
8.09171937165523,0.728651572042609,37.987408805836246,15.798668076022157,113.74773700580924,0
10.430338919116888,11.275497067319987,86.21443947151246,31.64083026978666,120.44322649371446,0
16.398281884635278,7.112113618132104,52.77994937625765,22.478509920936883,92.36220138515768,0
18.227705739182227,5.4464778282583195,75.37656684480383,21.960880536921877,109.16164926312506,0
24.774361184780886,4.890211998767427,42.45517021314554,16.17306206485013,73.60928534885349,0
14.190272226431794,5.571108149715314,7.9367792588438775,33.704707432984954,121.17943383097835,0
29.755122325022214,6.042244856758677,74.93944990244059,18.552597063951563,146.7226404342693,0
29.52947828674513,6.290431171900114,47.335790040575596,25.29224740352825,124.10189763990842,0
39.83953683078524,6.111208932006897,80.26277972780792,29.5631016127022,75.83586235684231,1
16.939298292369575,5.179161362510498,45.01191553253918,27.108584665015485,69.88432467385307,0
21.21168842026639,4.605323159385348,73.10964102815339,24.70172844003904,188.1126992863529,0
15.042352066140982,4.697453432692977,95.38676092990252,16.49167070856292,143.55533760892288,1
8.17794682516999,4.610183439294638,46.610288454623586,20.95137582116358,120.58207155202133,0
60.900962198351294,7.2675401937341295,43.93835173133219,25.93900169021261,149.86268275964886,1
36.5341672800904,6.1871134445617235,62.798035041723296,21.06412965006502,95.72879950878539,0
29.118429284518832,-0.8807772693285605,47.63752357461296,26.01679729999384,119.88293844711373,0
16.5090609269219,6.311801553059522,30.078454884002674,28.408717044075708,137.66056436738683,0
7.559481042109605,5.389472389437549,53.606398461768734,29.812514429000508,87.91474293529846,0
32.69093909553203,4.962582487108206,49.88571368512556,18.869103210936583,111.14368792269191,0
14.83933790702838,4.222963093822228,57.14866450189626,35.98323027489477,132.7431355799092,0
22.586163177223145,7.2482254399720265,83.09016647323578,28.837396722770652,68.32303707467827,1
10.396904520564732,6.895052924245716,49.295446408905526,24.99142923165468,85.15201908848181,0
20.033417516449866,3.4542446643527818,26.860066494826835,30.447682915383204,131.79139146458036,0
10.941320626202451,5.81410457424907,96.96044896660871,36.82703885999987,102.80546354372633,0
11.295195197667027,3.0566865309174283,12.856316574956283,17.806399494715652,98.53446506021344,0
19.845493782501766,2.240763670422139,64.451132579901,23.87368678754323,94.8795805098874,0
4.090654750939086,3.74656555082007,27.4635767213863,13.107841700633358,136.14158321368785,0
4.299690786081206,6.724786944765517,74.56294627761663,25.963257663240125,70.66291551096111,0
9.005744379029215,6.906250090752174,76.68912420277479,26.826971209625704,83.33405707452953,0
14.060151545510589,6.026170840194586,32.98917347303122,24.8041894227862,60.691942931202156,0
30.37192912886287,6.450191573695994,66.35305008463041,21.72733214500845,87.05992932132587,0
14.685963163350033,6.032356574229917,27.15091892247628,14.752427419058375,101.22322345066878,0
16.428803742395083,3.7170368095540955,22.402703900060956,26.867668417058844,50.1282020130124,0
13.210945433814189,5.8638450893478815,12.914184240325257,32.27717241957662,73.97076386699405,0
21.189745297386516,6.600819050455365,59.03248370701344,22.04490772133284,102.75633542339584,0
8.105795587267245,6.508582659627148,69.57876191529992,27.200299645115724,110.592409333277,0
15.301639340010828,7.377826742949286,65.1028351577538,17.159278432899747,160.7452692371894,0
22.40924792572578,6.416607694402128,36.307087522085766,27.28606531846257,115.74150325641382,0
19.730308082326037,5.702896415083166,24.6944662762971,23.033088511276716,91.23666652561354,0
16.829762996425828,7.140300476632855,19.67713379644367,21.187910246985428,100.36892971461542,0
16.985098375463163,4.9469574815018795,56.38540385467231,21.198181793919346,101.45094137933225,0
23.957903268117725,3.2362506975445644,91.26439597248843,23.03194208983495,83.37648265865708,1
62.78199196878948,4.673866072112472,78.14281038868872,26.912166578462678,104.13453926263712,0
8.593368333521688,3.510194710387102,76.07522413471406,18.43918399402241,82.10137631723642,0
63.93352326785056,3.649643450051237,57.3462934162748,23.014423342160736,105.7630362365815,0
8.25789611329286,4.710962658568964,94.50074652095333,24.79264111000426,94.84899232007159,0
1.5351349527898106,3.415160158000077,17.339075545959663,19.504803877340706,89.95903833332095,0
10.758900094531585,4.384076940721919,60.61793505716271,33.98332600837509,90.7711866244327,0
21.479492608353507,1.2127706660924287,78.13962164871724,20.73252259969329,121.71400313357199,0
54.51596815980204,5.426587414745877,19.566351596670987,21.652815431832547,118.03078117921171,0
7.550641683521486,5.002410950724449,48.53019028783693,20.10846025088751,88.50483559891026,0
23.858080956027848,3.3658227378636187,49.316842088876314,33.992400435690584,120.23027107173034,0
4.772399446499392,6.31849133686481,34.23955401296737,27.764526142997408,94.26723099907598,0
53.25389688300209,6.875140275253116,17.169585773715205,20.31703996878179,94.72437270313077,0
37.00079811010552,1.7848802712620517,88.4773299773861,30.531157794299844,83.39953046422481,1
11.313758598568107,3.4745504428675718,27.109136805295204,26.00349347144439,155.13390350131755,0
40.96692791078317,3.4617153004254035,32.83060043548363,26.28626710555751,149.75276421386152,0
15.231263773112067,3.120193797782271,36.6173044553541,23.277613956237737,77.81529676194364,0
38.29820612669674,6.658949683863497,43.36201838707415,21.252920065215132,86.86229150915793,0
16.7344542349235,4.612347722454393,57.75323201852529,26.688830495273006,108.30466027492733,0
17.280570526777943,4.470970317378779,71.22514318486434,22.274563850022048,114.49268784950226,0
11.505388793024277,0.9922752711864931,73.98927523659628,34.08377814787552,68.77401696495619,0
26.07008541476563,6.2708360604184525,91.1076127883734,18.65354447378448,72.44348183342598,1
18.268412805663097,2.521483210293055,58.2248633519846,32.68078386427473,32.37350675140313,0
24.22925944821232,5.119865260532657,87.90605228921126,24.443405756010996,114.60622750392778,1
3.670537384929725,5.554753875916384,41.006890351970746,26.49542867010553,58.9807330264048,0
39.20130740594516,7.7213171916773025,52.44146855034801,29.165788833147175,78.02750598485348,1
45.782911593116246,2.382359201761776,47.341153040242204,21.84875352497782,125.95302988904122,0
18.205065888311683,-1.0390243116416507,70.48211796596074,29.321241923493183,124.1104478487557,0
59.93706641904892,5.36769908950739,33.36725790171941,11.462280723094114,152.33171407534303,0
51.15041656411145,8.601022363021707,78.3937330195495,21.400052333890304,168.70573793388382,1
26.46391841532996,7.477892705878874,44.9797229599965,20.379685963294673,213.7461023227071,1
41.31494632036259,5.419318830549251,52.405561493800214,18.732469938141193,86.06685592941913,0
34.40524248256498,4.0167276287359055,32.59956839721935,23.925225809605244,79.67547119684316,0
2.7112970090369304,6.614245193274621,44.35910003730223,26.928749840908473,109.61181000282146,0
13.424963189459465,3.0529076005910625,41.579983723200364,28.513299992496528,61.158449671941526,0
27.75230773559737,5.952715538712439,56.98673761934718,26.204383786002037,89.43193473117661,0
47.772572983785444,6.010940318333254,16.591500738093956,21.671532675532266,101.13622798761537,0
4.444439183143525,7.12041981499776,48.48974379270873,26.845082189125836,112.20874721695289,0
2.92989071981578,10.519320077822155,55.13293233079474,25.62142847425425,116.00294312729639,0
15.959784942568971,5.784831934357534,40.86430751885,29.68028083968008,88.56724746068284,0
1.68862845395904,3.9820727485850025,78.95334245148314,28.88468351465758,64.08863222306582,0
15.542403442300184,4.9488513756160115,65.81363983752027,25.152382069603146,68.47673429715208,0
21.86154516970936,1.4618481902217635,72.74450894687855,20.513734969193717,48.114365863535596,0
7.239257955229913,3.6105737378218836,27.075500163158278,21.735249220839595,80.57814470223957,0
15.87050791969167,4.181435123773792,52.79532272164745,22.25105320180983,60.700235560100424,0
32.28847676216387,3.951823204130815,6.833451499103059,23.42366833041872,82.3389330639005,0
10.715540770010854,5.304709744067444,32.37109784718368,26.340252137948767,109.26647396856384,0
8.383217977007256,3.355160135235599,77.02603672388165,28.57587195064029,64.57003264416669,0
15.322743905407139,7.242061334648943,23.30161916156874,24.74440653492311,99.35241037632278,0
6.555867037394591,5.000414129836394,55.596546317456564,25.080623939502363,88.26743472695611,0
57.07409999532162,4.981399357722771,21.668553168035206,25.71653152500002,107.46261521852203,0
17.126074805646155,4.344210566974164,14.922200614082124,22.420473434338298,115.31142403818257,0
9.167015072834019,5.310381367717958,71.85541092582406,20.37303871178522,86.53756277848757,0
19.584570915616602,6.650196529335269,49.460863830476946,16.22281051344645,96.7360672211555,0
15.258169808050127,3.2657395685781996,10.172496101993005,21.524253209615637,88.37660833057583,0
13.973624601945573,3.6837670218494867,9.659549568169373,27.365727266338936,83.13660793559633,0
10.71319894697615,4.3925479424466705,53.6339360267551,21.485442809802162,76.78524482327818,0
10.283334099152398,2.30825815305357,68.99107969834888,23.810964812870303,111.94904268622479,0
3.760351887421551,3.361484280557004,32.45141837602373,27.332156437061585,143.40885915110204,0
41.27340682772812,4.047558252910682,68.14784256960218,27.603447482113342,137.84063562036184,0
25.273029103515654,6.748778361425455,56.698283815570704,19.602335739169803,62.6253022039717,0
21.0164615667898,5.52512265800385,42.7999159436488,29.985296782268207,142.54501451610116,0
15.069200210010475,5.387179822735089,56.64105347156728,30.636750446777427,71.14005501773524,0
7.123918756608719,6.701795924335944,23.87227494453461,19.350750713907203,101.14853684240133,0
8.684977319817511,4.725256423201206,47.46457919788122,20.88081565179423,106.75246915369576,0
4.22277623928349,5.780929699857779,30.480600867344222,30.955453415730958,57.465476061851184,0
9.635421393946334,4.793556494135007,44.64998528310423,24.265732393723496,91.33767979956536,0
6.240143537190992,5.530724698799257,37.08414730422278,13.901110262740746,145.4226316133885,0
49.31346537425508,3.8344826847768356,20.377340434762374,18.00159247633657,42.79454541148239,0
30.836150025857716,0.12236568344714183,61.01276817225841,23.753151874137593,193.0568650969363,0
17.685572935684725,4.731441675627392,88.94346972635343,19.18478674857699,47.402065979880845,1
7.8369417351576605,7.84549627219988,63.443112572066674,22.93288114681779,105.90121348455874,0
6.54198883510852,6.852430804483185,52.22855311321477,25.161981068417894,58.36431546210211,0
14.328189302824601,6.930794969182341,61.32085062103195,32.311273020173644,111.16786107141547,0
31.710843276503702,7.472261443612435,78.03722113077953,23.547730418861054,135.87529865733583,1
4.346401949964831,5.177315181922875,86.71563157718303,30.362708997863795,123.93844592912261,0
25.04220385976046,5.394631414811191,45.56574074100463,32.143800810183855,58.997392839499234,0
9.599005983168512,3.7646962091312997,38.56754376789047,32.17154834676038,130.36878793190033,0
11.135713970662106,4.3678542879459,54.1498638279176,26.423772966927842,88.5017928294799,0
17.30095879093099,6.231542299542284,30.389434769256184,15.18355426080513,59.57517330613594,0
8.076137834193839,7.407768874337632,18.94267577477926,27.304124327019327,145.09106605547416,0
13.768267196458797,4.721107448638001,60.85310835446231,30.241999439067705,177.73387587011143,0
7.481184392422971,4.099621470297177,61.66967954013596,24.594664472822913,99.53364225789528,0
10.274419068533742,5.001055917713194,20.50160400134156,33.722919350376245,85.31374077368937,0
28.444438023913868,6.202413497858229,34.178755846410226,29.299167807337287,74.38319428788141,0
17.982212084571945,2.1122903677329163,51.83301460275766,27.84136688576392,121.37654026983952,0
28.37067825903314,0.40763809372552373,26.6767286031027,30.43190355602919,132.36674377072626,0
9.492331580322274,3.898926301016833,60.26819918372245,26.666849256304392,85.32572916423987,0
25.171637104867067,2.5585751481716827,41.03446502519634,12.535947503023232,155.3229136103751,0
3.2480054748687834,3.983719604705378,78.68282371059564,22.504305242648172,118.12822277069566,0
17.29517976195176,4.704439362365057,74.18583111434137,30.98584013623927,99.17268215238798,0
26.344905058474765,4.093503181953973,80.73988101725243,20.96204329950852,106.99204571623831,1
3.102780554923627,7.904935068941491,38.56270744859181,23.882637473815304,69.09075787961171,0
9.588343664020902,5.65348952920464,73.2124738368013,19.775818430484644,120.93447048861385,0
17.28610021221814,5.600948719221657,51.54695673210147,33.91961297600884,70.56603016864608,0
33.32560616095971,6.244414288086804,58.0808454771997,33.40746228709008,81.82455925670978,0
10.273291936139561,2.7223337644384618,37.332052997425095,20.580655524296354,94.41907713628467,0
24.484714398130507,7.078223574840537,44.01731936296143,25.73649000194542,168.10796135551854,0
43.06374896473884,4.8484714269290805,59.478793648318806,21.59752976117976,104.2624081514267,0
25.281808391591618,6.340961234482425,91.5159556954212,28.074723195156892,72.81153099282355,1
14.1803852192751,2.856285533919689,51.88361473150077,27.548415386211644,107.11945055428883,0
21.931970637553604,1.8924824679678713,75.0731898299252,29.058527858066327,115.86408983462132,0
10.022034402965126,6.6357793160500576,50.703435818352595,26.659592238539435,139.34793701868233,0
17.8097149104532,5.752819052195033,65.00121464503292,39.67703103194234,95.91353323650914,0
14.736584473346785,3.1958968912849794,37.62975414256446,19.860381174946305,76.29753701388212,0
21.416055810401787,3.2606738374506112,31.40241514028513,16.446983227817427,182.93763020064776,0
11.894787965328577,7.250869568829539,59.723625921356515,23.034548996492692,107.19392232500647,0
22.295270953077235,2.6211762142653443,54.77050343043496,17.160058672198662,72.95698435120867,0
11.801135418175372,8.285345906511926,35.80200569075244,17.537688649970036,95.64350075922565,0
30.632015727284884,3.1987585307042625,46.12680922231235,19.993426729010167,81.83787002418632,0
12.802083787820681,6.276783851216766,92.38903394796098,20.38905547284186,142.0884708899999,0
1.7722289074051354,4.3427630485020305,86.75076313245735,20.2269094902497,115.51080874065441,0
6.745884715755589,6.206374862164687,94.36054586911915,27.591094752227058,87.26276052401292,0
16.905579501052713,3.911771995771615,56.97733374351862,22.46905469457332,132.3924188691508,0
49.02919928760329,4.674414187855412,68.86842588738786,24.1024271256376,93.17867676389196,0
29.83097851771503,5.081838350791442,41.7875155118572,29.471163872504675,94.940529204418,0
1.3166968193853057,2.9956250884370546,4.469411336452752,21.16838737609287,75.62277141558828,0
3.93822382107124,6.4816486908402515,29.76252867083218,23.67727050647639,75.43007272325002,0
36.222295066324634,3.9735728670568298,26.299254834455247,26.828799930464577,178.7430371797781,0
26.243244941580627,4.542800169319963,60.444396336520526,15.292160996898893,130.367850229439,0
66.52682800591423,3.0113012507829753,41.061179364259445,13.075472455247088,50.565276066337944,0
11.411909472848485,-0.124667317590621,7.5588491978662855,26.730586643988612,70.01884457726028,0
7.926586418251174,4.617944474799662,38.52126371306577,27.460071402834494,65.33163277726767,0
17.607760393940634,9.825230843225832,61.5835949785936,35.321100674262055,98.54118453301894,0
11.229392444249843,6.569208575796048,94.80381592527193,25.79047437933405,84.3317380401664,0
33.96997182955537,4.961479240531211,63.4727055052233,29.098698586290475,151.2874390477319,0
10.911379421312294,4.474218341583464,40.449350625465286,24.02263678207013,86.86326957591615,0
13.419732202663464,5.044931785624093,72.85468805555772,26.486136107925432,172.46601224623686,0
6.955147034844219,6.09423823035042,40.803584731509126,33.33628420874767,94.08507286354607,0
28.47389927444286,2.6383743693823103,54.72662122469637,14.380035909371822,185.04739671390547,0
7.3712160873253465,7.228643389337744,65.2960286810083,27.0680812878584,90.51117768983404,0
22.594123425882096,6.430762630882488,57.98369433094488,35.677933650386834,91.08053693370493,0
54.53374889568992,6.436371451415869,41.287216721224866,26.410171096046714,129.43376546785697,0
2.635151456286417,5.876951477619454,13.91310668229398,33.25286481616424,123.33400382782658,0
44.40161681348118,5.03923331538798,19.73196772469354,21.853939252352788,61.7781632200571,0
20.548616504144867,6.34572247193364,50.541054913019366,24.83976252918143,99.2978876593859,0
5.950072545213726,6.1836282674827565,20.968771118084376,25.16762351194294,84.08290600783461,0
18.119213708636796,4.2919185781179525,5.13716734270361,13.912044603206146,82.24181984410329,0
27.90173791969885,3.852796454206198,31.425080893572765,19.159110860749,99.14525006924816,0
8.40281640592655,5.203712590523973,74.30721087278963,19.51562460308007,87.98146101250455,0
23.52430393225642,8.098040302990375,52.67652966091655,29.110330390162638,102.46914582194967,0
46.85557345045105,2.5217858486921982,20.446092776472835,29.360765528420274,68.99980318817397,0
10.899710165974867,2.06494946849512,72.59539622660135,26.620182213532665,57.06104311972726,0
6.877282117147695,5.329521682473033,17.203308819492914,29.12051448427853,131.04632170681845,0
15.094934698569757,5.101775403712036,70.1654656499182,24.17925293639113,137.57728376061115,0
17.396472720273145,5.346683328740816,53.078229594905046,31.009658347697716,128.39787271000057,0
35.15929908106794,5.487906395817,15.113595099531477,25.04394221316036,97.73806919088298,0
14.70888337669017,4.55359549073039,47.26821179936294,25.289320237133783,85.82845869082091,0
11.740763744886127,7.979726877204165,18.29784694839547,23.672036833687944,78.68733472763482,0
6.717540868996209,1.798192043046969,41.63867718762654,28.422252388182137,73.99877437364766,0
3.130912241034289,3.343005950439508,40.952386424447035,22.894005916935434,94.11821830278504,0
4.944204228039384,4.793490479701905,58.3217588842631,29.88215688599034,136.47011879853937,0
4.914873816971529,1.7136223776916655,71.0036209417829,19.339254296419966,76.56538833400545,0
13.534963697573424,4.648291191135858,45.17137738010535,19.505418726359032,136.54678165212198,0
3.818292143067265,8.322940331456037,92.7706728154891,28.43713377563252,58.03549470590953,0
15.975503477189987,5.041772976591924,35.187586429288984,24.557278927084937,104.16316422635762,0
53.74544118730594,5.461401811437367,67.01194720210356,22.73054291923436,111.01437279871811,0
35.85124038047505,2.4796704696548395,68.50480938387882,29.450288662377297,81.35694676255923,0
13.430754987848774,3.767277183921045,41.56955076177183,21.96369292956958,67.54722461658008,0
76.85145974047893,4.249607239352126,28.601352450174485,23.99899372849815,125.43210631686551,0
17.44292234972594,4.364569806487532,78.41548449715286,31.996139750355795,97.9751234454934,0
19.356951635747077,7.563287590007537,61.3095418865438,32.69571172905325,204.00101383737882,0
14.8715851007658,6.115382121450249,44.126333981729786,32.86199105135164,137.14858984683897,0
16.247389608408934,2.777084086125936,38.076432589867046,23.589371115330444,137.50498932396653,0
10.589411858280844,5.49300955686401,49.32406409816428,31.15351452492235,39.66809504944986,0
13.586880498677257,5.99644349699357,64.74166954074275,20.25523586115661,77.05573613303392,0
44.59911451851637,7.2802980770425325,41.55160286259241,20.465485626389693,64.9618187299079,1
38.48439769601088,8.161081373136748,64.7602704053867,13.247720736878195,47.233145109326536,1
1.6719944403160694,2.9698116163442627,58.31349728523578,33.36434100949265,95.48001920845707,0
4.299440081952753,3.3782849775793236,76.40054979025352,20.68010075461961,124.42311246590626,0
8.506756007927946,2.4848442821707675,64.87635692177298,24.3673371012647,69.70071668394034,0
31.899549177549137,4.531960281786037,98.74782902392813,20.44837829035858,48.18010048072121,1
39.06169738718474,5.932716748892669,56.05213935531626,28.4758262416507,71.58081136741428,0
27.827276176603984,6.974669033178204,92.58187204942332,23.1218316964133,91.78446366257779,1
5.92695585749831,4.848097952714954,40.87863375775993,18.475915547835253,89.62333380135229,0
10.770811003970497,4.360304953490312,82.82658284390435,27.208312820930303,96.99491701580699,0
23.816379589647447,5.303515984497481,89.30283852273575,17.83134987594886,110.27784367460589,1
13.75261801936569,3.329714196739954,30.97500470068247,20.812971373422542,96.23287185007074,0
12.280945810636855,9.179077443389547,70.52820242513991,14.465554426869595,126.65278720459469,0
12.427442325760449,1.7846779457638826,7.86423542267963,17.880209439011967,70.12421537013759,0
36.560728128969316,5.369481157791449,38.677841826329576,25.89264584860239,88.42456028688082,0
25.55598937547327,9.04721243845928,73.44052865789173,15.177319809485377,116.020403615766,1
12.981326768045511,5.013599689119996,27.026450293375564,17.59427137689142,105.67549350408225,0
21.241520048334923,4.619921929997011,35.19596839306336,24.98815541933596,165.57069719659376,0
5.170650810212313,4.285109154379145,49.57550003441458,22.281965519534737,71.08210606062892,0
10.78816360951011,4.639216636475185,68.62563126360813,34.960183179796545,116.69187957650267,0
34.208554473974424,7.745696949353061,21.110547305434633,34.16948273012188,78.3710749102388,1
3.565551827000222,0.5762761773409864,38.8831225873127,20.66038768624423,75.59015387682591,0
25.778230264263094,8.066867402592651,11.222724118048971,27.78568809201741,134.4575750298157,1
1.648306062751492,2.15208569509971,85.5540433473044,28.746412784397258,95.8856316650649,0
49.56172151703478,4.46669534153117,49.343588863470615,22.012605709877985,105.10123684704239,0
10.575160578707624,4.141511159402676,37.375621722162506,17.52229231750898,80.31295269416322,0
22.368765976161015,6.177106539541439,74.07121808795866,24.938507753459714,81.81637981931519,0
18.185260043607364,1.8037512962325049,44.28338692465555,24.135771625929447,56.693275442527465,0
18.683330229672592,5.9243453321638855,74.9549858832158,22.821177515146903,102.43958309095217,0
20.96454298724485,9.048619246573704,27.29702777905641,27.211584340822426,67.90224867592384,0
2.9024847850045523,2.273651990814379,34.88416743260572,21.246351964972007,92.32736234065497,0
18.971277762531543,5.379412335220791,54.5444859474306,19.240012262104287,126.60856150895322,0
14.402498218988253,3.676035644406782,73.75527310690228,25.545414851749157,51.45571873693207,0
10.62442000726616,5.851774412386072,61.896275454214035,26.929850462844378,222.76658177266955,0
8.502732673038052,5.038295554831504,18.809080710916355,19.116775280499734,75.08876048049302,0
19.325024269838465,3.717026181911381,63.9995312740391,29.640453054955405,93.17777883233582,0
6.957965825475256,5.975744569742148,25.078986604603333,16.14759431111961,105.06006054348097,0
33.79626611649347,8.608696219573487,38.312627275068735,22.109432706421785,74.27829085130016,1
23.542650636550984,4.618192416545402,53.51927295944332,23.709957319011956,82.75656956528118,0
20.195315260116082,6.439515884296364,19.67599820643906,21.81888143674035,135.88392545043996,0
32.844338078869015,2.4134540842576726,85.01472487561583,22.174697632244037,122.16575740932635,1
2.407425922453984,3.0871272463639823,18.558077623352112,34.35537241154057,89.02305083016716,0
5.0040724111701795,5.9448125557607545,67.72979137385632,20.745579554805506,96.60981939068243,0
24.28264843719183,7.96823205707193,65.98661582665493,37.20610861235957,101.08453028422903,0
8.943371155512947,5.71122669757132,43.50556530870089,27.185633898655258,115.05351491587925,0
9.952913850421401,4.373883938953691,52.06060000276683,25.46027568655996,117.68549754699889,0
4.303891590973045,4.998582810846708,56.91708252946497,27.38120176693833,116.68991231885975,0
6.976006209916552,2.499184532060565,77.63644443675032,37.64963874625976,84.47053602763037,0
34.30523650817441,6.209030652710734,86.02820710463068,20.03203498034276,100.05399133533587,1
23.881024213086928,6.764666124646818,24.203802219467182,19.397910405318054,131.14246426988674,0
19.168583713721244,4.095819334333839,96.4628038477064,21.225669017140394,182.77657676283582,1
10.285022243131767,4.059915704480997,75.97153238386332,25.160715734822805,99.16427987490087,0
18.29194898699561,5.531756459304097,65.5948129517347,16.371144375937135,80.82024188266323,0
36.341979103966565,4.126560527918809,39.13375845477976,25.11169619659304,73.82744245746555,0
9.137140205273864,4.867734770748355,54.51144133241671,33.46773566706836,116.97983149581846,0
16.219035556701023,9.199443578333032,58.664758648187345,25.757036953123887,55.83621882077136,0
51.573072888814494,4.505948598508007,16.842938991471087,23.536572705123614,117.35711139953396,0
27.575122191504846,4.283319695957555,57.397169000668214,21.90919775658186,118.01637969236805,0
10.408763935160035,3.7049163887296817,69.66855490474022,29.49255852275782,81.75485460194336,0
26.051998107657287,6.4883839429998735,55.00989374378407,20.87083613380976,104.3180542214236,0
3.5031369412858115,4.637551653563794,82.77121959279715,34.23197960299624,89.96505359175586,0
15.724084705041562,3.701253923357148,61.80541610748902,34.666798738571785,60.87016495122295,0
26.032217791368197,7.642608064546025,3.249510116852848,26.283753993308938,114.60769632751948,1
22.07260120482662,7.839206009027274,59.765874426516405,24.942424559616775,111.32423835477547,0
25.857317064435456,3.7991528685225897,75.21756367830103,30.153299041207795,83.82969052979655,0
29.917017713746866,1.2669200972787675,10.802150170193956,30.473992511136625,181.79242759448996,0
23.325252591627574,7.015027379673844,68.39238064219414,20.97004134470292,96.86521261620051,0
22.851002282560003,3.630740348479992,49.11789852389703,22.36722433431649,49.83672091793585,0
19.4942538283362,6.581251198325537,92.85927213031547,18.38826282658352,133.36034019349336,1
6.2434400573132205,1.059792364576329,26.74382070467113,27.045324691670285,123.30534846325712,0
34.29502364465071,6.785194676598619,54.99420062955347,28.333139417284453,127.9625842956444,0
16.1612094384933,2.5776561414384376,34.79419341574724,18.250371810693636,69.11113367961168,0
27.103752051173107,6.461528238133049,85.21010534468769,22.724005475919206,103.435775193865,1
31.951428393730694,5.028546135672868,41.83531268815649,18.263730412093253,96.3451579940692,0
10.85280654474075,3.0921211612067103,83.9938338369834,20.506000948780812,91.36085740454135,0
11.66310179724414,4.185927374146439,15.986069358160554,27.755085301131498,144.54367195098004,0
12.985418009338396,6.372636913913402,51.66959882062171,21.3325896666086,97.28968528123288,0
38.702923935452645,5.211788906230469,56.61828590988143,23.49587021983851,84.76080569557254,0
7.579672674911533,6.168825960944968,68.01010551171683,16.863441360263423,84.49011276411821,0
43.19537643791675,8.95288116903097,83.77595005700063,25.934951048623322,67.40840657716058,1
19.335135712986663,1.8715167765778973,55.97109150518887,24.778633400776755,100.28457118082116,0
20.35745400711905,8.234425149937248,12.996801825264956,21.35520374983419,148.1814017197014,0
30.991889337213017,5.208711875046426,31.50866350528642,24.05492851158763,86.96307956758756,0
17.751677079892502,3.2024319033537436,18.97646051229049,25.901474402517223,105.26756332302514,0
34.55313557559907,2.3393727485220204,89.89387913963964,20.92565925545328,90.90300797025292,1
10.840748350404715,4.621759218445933,60.71741655077131,17.618687279991104,94.0070843184242,0
42.285224671961295,6.843300223848919,38.913678495359946,34.027872163434076,125.07608998505427,0
11.551462229180194,4.744901759244931,57.277147791671204,21.833636476448635,67.12492595700044,0
43.35161925686192,8.022309860494694,62.83006998027771,24.516199484065552,57.64035312301081,1
11.809318079873181,2.0976486198968822,58.28557498921758,30.054198675101567,133.42584341316044,0
13.287099283025137,4.975822104307891,66.0439247398978,42.64527593785242,81.04761363114164,0
6.773794471462333,2.495213111173762,74.06905055776566,18.777567750555672,85.08188518510714,0
8.589633374148493,5.727263765249936,24.2645893432438,27.24913606863255,195.09020415710185,0
16.222884862933196,6.773774780194601,50.53375146140042,21.46223857352947,123.05705290036208,0
19.87690699115133,4.158476412637894,60.32324179689053,22.306048477116445,72.20800163248691,0
32.87745442784054,-0.20842771325426845,75.70484943323991,21.39893989496605,136.44778662770395,0
14.05390882694801,5.397896293592989,74.37915156763385,19.371725160997073,123.97887572552028,0
22.107056126444743,5.873477103467019,32.82569259241176,24.793543191076694,30.997378488465237,0
18.90923295628555,5.8085895099233955,19.73487009880491,17.627486564758822,101.45896482133514,0
23.866807098369836,7.471564383644308,46.31474032469488,29.734037832559352,68.20257161888141,0
9.71477452785109,2.8578926407019023,61.935388838751315,25.275014680166873,93.94498007321084,0
10.708432224190494,6.360432210900899,81.31484108524042,27.1121748645072,182.97730834968098,0
9.717953546392959,7.385015024955949,23.710104049170255,22.669056940268884,126.77876712621497,0
37.211592116285686,1.4428248319869663,11.183073445065249,23.163980328941257,132.26055994441364,0
42.55372276481495,5.639303651837954,25.44546999109026,26.43781952583664,90.9615977593285,0
10.330862926194511,3.991640337984657,10.903429036346743,19.179746837970875,132.45907853642296,0
10.50568674221667,4.836954653796708,62.54209541002089,23.21004782793332,75.92295801387831,0
26.245865150561727,5.695352967076673,59.96258752457424,20.70193243060773,101.04846508105535,0
45.69063086746784,4.025542871772895,71.30081778478727,20.547155947044928,124.8921346107461,0
52.2635962601463,3.6485838416767766,25.771649393752337,14.450808796871792,123.66404589392715,0
9.94128339906782,5.0683048349760496,73.84513797674079,31.696632947399998,58.80424381435886,0
12.145783938440257,2.8255081222743947,27.78550266153792,21.567306234231154,169.1138407569166,0
20.63627160974422,2.828349742229629,64.60135524451954,30.816880275817752,71.2303400046506,0
21.368089673212932,6.358746565913007,94.59974594404231,30.34396160697146,207.1714069337494,1
14.485066083877697,2.702411929682688,25.23183961248256,18.570001467417534,126.09183214634717,0
8.339004635412467,6.332625001818424,30.524797135361297,19.55794382163577,122.60617029765416,0
16.242646844257337,5.925182585707902,31.204265936708637,37.80251479677842,73.21069209675079,0
52.2271011317719,1.5483865424188066,34.59439213203081,33.754629709635715,82.13684277350399,0
10.837619710171717,3.64487069532869,28.95870027675251,24.84240743335948,164.46355814192728,0
19.725908827028483,7.388218806094745,38.493073051839424,26.286865532086747,157.2085384305166,0
75.20290827719002,3.0376689377206367,44.100316583004876,21.845767985264057,91.77467281436279,0
10.709664439064516,4.071191475381225,66.76358129984877,27.1617635710017,89.29451009306172,0
27.110729468439885,5.924121786503793,75.2567351750663,21.414090496387644,90.12911878204287,0
53.682098888067024,6.566781018565191,71.04548871488048,14.838231178508076,136.7522924180435,0
25.514015274902956,4.496922227911009,53.211548518044616,18.392221067444744,132.41010334787026,0
35.46836374670661,3.8049796106167166,11.636756017657,25.105463739252937,109.24511570880082,0
29.661475990802924,7.844739723397016,90.52065151803117,19.34466382248706,101.36662249663149,1
24.110751682712845,8.477799327595157,54.29322838509264,24.663612675432326,91.43925584644796,0
41.63564640858656,6.957716101563591,48.730525897471885,19.626694802835686,201.29702930468952,0
26.522542027154095,5.1706362851300485,75.8105713561188,21.088230387490032,60.92619358477184,0
14.600937364575442,3.3834685567181473,44.45357953168846,29.265826532065958,85.4291732909573,0
18.633387890734078,3.3391111868868695,53.84560078685088,26.237402738200522,106.83037372729018,0
21.89366127693832,6.045028210531515,64.70363110333803,24.951677893433263,56.96966335723737,0
12.086943791068048,5.836796441777367,78.66440496929921,29.394819865353256,80.37016552853567,0
19.25747664735923,7.803197185892859,43.5406324638227,27.403042966736738,182.15831953581355,0
17.273376495986835,6.300900185072278,57.412356273041986,32.232816456256835,129.52926196814846,0
26.46582018950599,1.993839396480364,82.68463334857131,22.700703688424298,80.16218781055989,1
63.097324033103305,7.103895235445837,53.84157591450814,22.85182510736246,79.38497253772414,1
20.09795313383433,3.003878745371174,43.84660794792918,18.494453668043274,61.07663036861672,0
46.45214189680339,4.232057456095297,56.862853529029564,22.8550964131379,83.73743970169363,0
25.810817468347352,5.500400412503389,38.19918927016791,29.82384947151223,115.44630579143072,0
19.19372091408843,8.99133497956793,62.54072744752956,31.49993686131067,109.06763839748444,0
11.542050740351339,11.219837112010723,62.673213305415175,29.80152584043334,85.15458983302227,0
19.300025045010205,6.2134461182723655,66.630937095176,16.02904066725282,70.89856098775302,0
18.44290870680969,4.633606762559224,28.095870853556164,30.415726063303673,91.04935128608463,0
9.163589571179124,6.069011296961101,52.293461076445304,15.807406883639647,90.40703990401362,0
10.442237125417574,6.775310851747673,65.49178659419776,29.490586620611737,124.08832025111666,0
22.026145157520098,4.358664748885617,60.53928844694323,23.161077367144724,104.01867569687822,0
46.14780263259032,8.590422711824644,56.58887152983609,28.51266656966928,99.57526965016885,1
15.832163222647148,5.460141518382804,63.72158084982734,18.33775826052717,140.68655915281343,0
4.091011250545461,5.995486178182788,25.70724820305853,30.855838163530734,156.7232302847292,0
6.653443195744753,6.3318485041089225,39.03902796292761,17.675126269475555,108.644237183058,0
27.586040758204366,5.843173221228911,32.92745877471373,21.657725445734112,109.5060262732284,0
4.999862772633809,6.677881000939225,50.394932197821504,20.009526861154825,93.06921361385281,0
30.65783667357428,3.765493626906154,78.05984126973566,16.228575735887503,72.89884852795461,0
26.548792718459467,3.8833964921079387,30.230519458253486,25.47263783794234,127.27856907470978,0
15.418818091061283,2.79969153405661,53.60483771266793,34.03044558918481,119.25718222028985,0
9.234931956712785,5.879002461240453,33.9402683906699,38.33452611160004,95.4996544852074,0
13.74227780911875,6.557873007024228,25.38278928606392,25.485778935431238,104.12166144747493,0
21.63734391911797,5.915545732303771,54.88959566318938,30.58340637533761,137.60006762667862,0
5.168131746100904,8.348984866695075,25.39723687769938,26.160473189642687,145.10423866682174,0
43.11715310485566,4.988807962341907,53.64097980226349,27.494415973841065,40.20665283872625,0
21.494316569904584,6.337483311185025,61.0053453746075,23.289256744363804,78.45100039521134,0
23.28607441652156,2.8165982477213714,30.364701406930884,25.975384627113012,95.40006145266814,0
26.417326785479304,4.225800595051198,49.77491302845803,27.687393523032142,67.36623943061433,0
40.38842666424575,6.391075515131555,86.51234303282612,22.107701355618342,105.00301324377082,1
19.334656700247177,6.698204221486288,10.039414109048968,24.61252850053506,79.78072455659262,0
27.597735536568795,4.412066104671635,42.84541429531378,24.70784940501256,106.13639585957678,0
9.37072291083335,4.856801496283866,92.08702595119446,29.132016586652625,80.55705546094138,0
52.403748441810414,1.9642525066383811,60.201410790033414,19.669839141861598,81.65954361938988,0
18.37579314273596,4.285941598386781,79.94123863868673,24.742288956961744,105.8762411907322,0
9.329806273929629,6.780766327039572,78.3312761144731,34.560027345263485,129.0767573890677,0
11.544579070655354,6.1504100322131325,76.3088655769636,30.820300762929687,117.02186445057023,0
2.2385705248707395,6.001331442762419,60.525643029013786,31.745895244443524,95.65959714861918,0
11.482807225678576,5.09954737436192,66.2681170490864,25.12215920089017,51.22514588873738,0
0.8729925638013091,5.014126317256353,32.560943303185894,26.604987818430114,81.02383609889407,0
29.00877893006185,3.6793577210531057,44.270305177869375,30.011180833514626,78.18748236546736,0
22.784774945370447,6.3976568404050695,83.074749216834,32.80127764765466,121.58464474179127,1
7.040474346166972,5.841945888778779,84.61008110884276,15.241985435585567,101.65101971618597,0
16.05827246059696,5.984037695985599,49.46588038166652,18.42279346475077,102.85564112099098,0
16.620201334540184,3.9479303146648395,56.64418968939883,31.54722050701324,73.97896394553246,0
5.739028081446755,0.6933141602575112,31.898764219215863,23.61555322115598,147.03070762098343,0
13.973686882809751,7.194305423507391,64.58235127978224,21.641396053709613,102.63280272447426,0
17.01617642552844,4.042325087983191,11.522725838500802,18.72919506502198,72.54395535643201,0
13.674943413116127,3.2744484719137588,30.57073882339377,22.224916492279455,74.21549399231587,0
9.3216309608042,6.386957823827988,56.766053920979786,17.988153582880877,107.37315429181989,0
6.791665891135925,4.215974720161741,48.77603303776057,35.45547136366238,71.66089765944233,0
13.294696445721874,7.119872768093243,58.09070843277132,24.887819740097132,78.51210339622314,0
10.326802462662098,6.234011899153395,45.73382956382508,24.710247291186413,66.30994083503678,0
25.205370478018246,6.367138646400955,10.078670681960492,27.940383375839158,121.26374343028971,0
42.045719377037855,2.2680885775989315,80.45931163216225,29.81172584633285,72.20438126345827,1
31.680249489930894,7.423887970772801,41.80763539710392,29.729440782773196,154.98729907946944,1
17.44840486500362,5.522501062467712,49.59893646166439,30.36810971953786,111.63043540009119,0
9.632161543913746,4.261445721507593,83.97740574022772,21.84577224604572,66.22562260271113,0
31.100605761774766,5.286776934684502,73.38042281672853,23.510665975215694,116.67798442060936,0
26.28502670464911,1.44752953420336,85.30052336646725,28.84515827721138,147.11635456155386,1
40.11517356340847,5.817305622961341,45.75103573358082,22.3630546918019,94.332992827657,0
19.35003205838232,2.941256983635857,38.062090981448826,24.974466839863876,152.78429224820377,0
50.62393555572168,2.294659428312931,79.56633809041614,26.993818822124073,112.30774427228651,0
19.35447008082443,1.9552816275642178,52.68662690392247,28.92592541155188,79.80762871443028,0
9.59207784323348,7.2253767499798505,34.756033308921765,16.111595188148996,183.15054891638056,0
11.167708129511864,3.7414732126144226,88.86682353679262,28.573728249444727,60.52748511969114,0
24.36863580665577,8.067455419833,32.33680414044186,23.831379710741373,87.00408330246917,0
10.30316616584649,3.9283970738954044,44.8170287880109,28.537288554321904,95.66030286570792,0
50.39627468568607,1.5852840848141065,47.49291440889221,28.884658461774144,172.38935853325341,0
22.9580062788638,2.7669511201026817,68.99984273431097,33.03957530559579,122.17101834699244,0
17.162119421076735,7.471623240013877,29.7136091965477,31.767268238106016,115.53370422014395,0
18.264785626208003,4.688203644126665,10.683372668787912,31.73285831305148,75.87221803286762,0
13.559867559056148,3.903425407018798,59.66304041860167,32.218351595831194,93.19093630595509,0
3.0731420703545376,5.320036451705575,53.71890037835607,26.45689492407973,80.4098907216354,0
11.17462323726004,6.00356547233509,19.633333666828936,25.160925435184197,114.28876432384983,0
46.363566576984276,7.234797631804922,50.27713715584646,29.364085415891672,139.3391908345134,1
19.735499916874105,7.896998459785852,19.030549187569125,28.66040475716511,197.36198971505235,0
34.168726369265954,4.280462708421829,64.5177195805792,23.4546688163087,83.29353246103733,0
34.830957304750875,2.3479046278359235,21.540149820982137,27.02411704404134,59.967147458582524,0
16.17445108801306,4.173069677753448,61.38386446923649,24.82451766607703,87.47213757687318,0
26.586170153489185,5.520561013165772,68.7136823125997,20.73033545769972,133.05628500971656,0
3.4750650936714496,3.0724821475787785,51.22094850517559,31.45230370688175,72.8783539507009,0
43.9194818501262,3.0856981702099144,86.53478393927762,25.275996212650448,96.761840780353,1
41.58652107975392,5.687575763099771,3.7914992537391266,35.24354128849426,116.00641558281296,0
23.892713429439407,4.902695296859098,76.82774455010586,16.872538649000838,83.83920026644364,0
20.26353485940634,5.065593990823173,55.237940151304045,22.216106135783168,104.05195422769853,0
16.338936943238597,3.4830093305998613,71.3278531198389,25.163194183454358,70.60519558597152,0
36.85355010846833,4.539198571588465,82.2470382676776,30.68690548814457,142.5140242300151,1
28.74615960790161,3.151533711463391,47.597449179676694,26.997346863010925,89.58391981768577,0
12.411793205236062,6.780396822249574,50.647558157697816,26.552363770903757,103.08406499111,0
5.987959174790392,7.070498669447505,84.77244759461296,19.363681037229263,51.93444693525639,0
4.917146549287276,1.3076242755238123,37.31048649771722,19.215293013852644,67.42765990685172,0
36.59336547082129,3.14097827961518,62.62415038330621,26.612523301449524,131.60639550876357,0
16.06823343229997,2.006941489819842,61.86743579113904,18.179470030908206,83.45928539654153,0
23.61494139580177,3.699952131186204,78.8461212222702,22.34061124855336,71.75651818244145,0
17.678235092404393,4.833124060419278,11.724717301450315,27.50458664542929,58.391210817500934,0
4.984328842022304,2.10070956060294,11.786280962957324,20.08837863861612,141.62568419179772,0
3.5657701413069716,3.1562803737493734,37.57860755549277,33.026779811809035,120.46201137471886,0
11.728154731747642,2.992085255837003,47.04811096831824,31.11968172118945,117.90992523130319,0
12.55862258781274,5.414534658797888,52.54481654466656,17.142900008308498,159.63716018579657,0
12.5521500259383,5.138688674072501,27.905276825716253,20.338143784090065,87.03216650987072,0
12.84966079178995,3.556524893325493,9.075940245771559,13.57111377752525,60.20188822814157,0
60.423228373968804,5.353641744278796,95.40739619121783,21.087043187259333,98.56890366010344,1
33.819597623538066,3.906639830825469,36.94574230278456,28.831942382861996,169.77737023053447,0
19.943395206268132,4.456689779347894,80.08371825052734,22.930525288625716,99.21576038746018,1
15.759282205878868,8.346904180597074,28.56856637728248,27.30398621807984,138.14578734333958,0
16.190733180785987,7.680922103580696,48.09768034428048,17.388328408591278,60.95404990980748,0
28.027033758895676,2.4008375261448047,21.427202548851294,28.989876272909527,75.37485830362769,0
15.64618645023267,6.6594648357583495,89.38300813194259,22.224453860358253,129.04747025059226,1
31.5159922484133,6.622793108983184,35.12281619234551,25.060848411414526,102.41230026578677,0
21.55192832176961,2.7034734224947634,17.1891856142796,24.535627493034735,93.77638036333188,0
60.778150838746996,6.637555287509722,83.21817539114691,18.64225739553858,137.5217935419404,1
14.928742879696486,8.075863836825105,36.388660471455594,19.234578341301088,128.4857621604643,0
35.457241784813306,2.7549103875111722,79.34216218525127,29.83897234501713,103.29492141036252,0
6.52359796803995,3.164994357971473,49.81480231444386,26.99496078750848,40.386614782334135,0
9.841175190526835,7.035322933687005,8.09146837188429,30.250245207767133,97.23526996898593,0
55.60010576146702,5.542990621651296,83.83419756494335,26.62329117751259,111.20149174654554,1
30.611546130678047,6.1029525504790465,32.86662908569646,25.714953174046084,52.39820873545774,0
23.919833952029887,5.681178432800993,58.45029033063914,16.369946906666165,109.99561587687163,0
70.9322082450325,5.781391841856288,53.562899268438905,23.648166516194152,139.5637288580959,0
15.933822735996745,2.347055743377834,26.189726737412222,24.86307839798128,97.1766567796389,0
35.40053486415088,7.094635413242896,78.91625224328321,34.76553599136287,69.11370520021356,1
37.167806091308805,7.339179984855547,82.81625731707658,28.434783160493385,42.1258486957829,1
47.89814022771347,4.541218511863945,27.60926416523228,32.680305908547645,110.6960717988875,0
5.81559678315259,4.913046100372275,46.205559313594456,27.98768852947364,54.557919584293806,0
15.852280903010094,1.9377849948885557,44.79835742146222,21.443483865252603,117.59771960911358,0
21.28144786286913,6.0285095120356695,50.971396002717576,25.585621080749256,166.9761067873862,0
47.38536456383721,6.144114883428288,48.93607003779985,26.181118231321165,44.20283315573602,0
23.23417732568858,4.875617966001378,45.830235093098906,20.30422215114659,76.5058750063525,0
37.221604369442495,7.248706719741005,49.21865611786138,23.078063117035395,90.30194806606258,1
5.310970112563101,4.331845538040119,73.94890316182212,23.97116503161414,170.21110383866994,0
13.112726386805228,6.1292118517872005,51.76240674287255,33.02809916282559,100.95241975373452,0
41.482475927782325,2.960671322615769,89.3998516365248,14.596297373045108,83.72722481806409,1
14.530677936741865,4.952895698251524,31.9925352663655,31.029092103580215,133.05292996094866,0
16.86860141328341,4.651291484194329,70.86819455678194,20.316023825203086,85.20720371005248,0
46.88948622894229,5.4506158440818835,47.88935076538158,18.13960406365193,74.85439874043136,0
7.949285655736633,4.260946142333283,42.58349998728921,30.89971065019232,117.0149914490614,0
9.703772566074672,4.737054808656664,59.18415479697096,28.659490346171907,136.5321607183953,0
4.756396092250043,6.652094342883013,63.44353524174821,31.27259351190595,37.76152025684635,0
48.122486405910976,4.126471525523565,67.35104859267678,29.00350973772788,74.68063071122161,0
33.397871157431695,1.7868457985226414,62.99678732266201,35.29922500868701,103.62759923426879,0
32.8255611555946,8.499167808410842,73.38323225712207,27.793619184722427,91.57238982914211,1
12.814996635457838,7.7629081573809735,66.79235875375754,24.217613119384207,96.294133645307,0
4.393975177119621,2.4154746097887627,87.11449989818371,26.714631886606714,69.33568421279611,0
3.1711331748392944,6.379415610490389,59.578141191641464,31.217345641729818,119.87872725852655,0
41.68590916477112,3.9940504588973136,62.93295674084863,21.103123373699415,154.77322196643678,0
25.05812495287139,5.526974430662119,43.99445010329564,21.740557087343095,74.12572390820011,0
28.509706239571827,5.588448258026988,37.70991326009653,23.45519992701046,119.84675744794552,0
20.566772889678738,4.531184399367356,22.338086387353783,14.477086006173339,132.0492864928472,0
8.704940774832725,3.432468668827207,53.74013821959479,25.690392042087733,103.38325416218308,0
13.29941858205381,3.618917895367481,17.39437959214352,15.569356480244869,118.20694636747544,0
6.884538232426673,3.1676161690375153,72.78985951732658,25.265296564663096,76.90988380108894,0
6.0934901793373095,3.3363555835391105,44.25551990625664,29.326448780676248,151.85229103722418,0
31.555272957991424,4.865643419901289,32.10021571020235,22.615617696780824,136.87336065867305,0
3.501878004241496,3.5684800217784964,10.39232217181288,33.38557935093436,141.9609817289376,0
6.928336264252287,6.36410413142524,65.83114587026468,17.69749550290756,65.48274009110371,0
13.93161347207582,7.974492310671854,66.42105494441304,30.95630340815916,113.3816439901201,0
18.064407609842515,3.839893517259914,56.56542797704485,28.375685282034603,78.74952578204832,0
4.695462051355528,5.478809001070754,39.859685793259644,16.419833758446554,156.16244173495048,0
23.024415157399787,5.999370220605868,58.11967403388727,38.55397149520266,74.63722687260257,0
19.727731584153744,5.944004541838549,5.239226182610258,24.68127357248017,104.72164157897865,0
41.20883870333258,5.151910535832175,47.4229734262051,20.61257988922184,47.43649720526898,0
18.295901003970947,6.4853648367194445,76.90251628507679,17.964564026079916,104.54828988016212,0
24.71053047011987,5.9644979053613145,14.390843033751558,23.89990986170163,65.7333772956615,0
9.147389243520024,2.5246751553454043,16.660323936519863,24.362965638050202,115.24378240916819,0
9.489873300321952,6.738312128778547,43.81252086305975,25.51322764269832,92.44705375455581,0
5.2136652425274566,6.774581674533485,26.613869906336983,23.5110192188802,86.01712757701948,0
9.226250437245763,3.4734277916428367,67.73728338410085,28.166126550575466,157.48598807685178,0
13.141505750044464,5.075875670895204,24.17552972392974,23.061850836683767,187.5467398889488,0
38.52177833026465,6.366657985622139,34.23211214102327,15.325179413797645,59.360130999477306,0
8.041168821276495,4.581372360841277,38.325533468492196,24.253192521751792,86.91411491538928,0
62.53124725445366,7.145956095532023,52.158089252353044,13.162611733133609,125.9325626926986,1
26.260634785546383,9.727744989238722,27.980948616120777,26.76885315445695,109.13655229273438,1
22.59988302376975,3.4280279347300353,55.467206897611675,20.103498848586824,123.68147335339049,0
17.23869261353149,2.2379107936924503,25.95352659190584,25.816801774579,94.58479485348741,0
14.839999605259312,5.607637191209752,41.370846943377735,31.57037490762302,138.72916994567214,0
10.455760858160188,6.443125010252287,21.307847801361646,20.25625652366,103.2623249920625,0
4.499749034924835,4.538267252310462,78.22516653606242,30.30628129256059,111.19599726046485,0
8.295328813709407,7.906521326642069,64.14827692413036,22.833052166569235,65.7592495647485,0
48.046655335422926,2.3227884005535024,35.556775844708454,33.76597401032792,99.88998718778278,0
25.14419151279887,6.385837246063222,89.53592396395528,23.174236934008935,126.3753404436248,1
47.76687023859302,3.7882783584822133,35.12358375581899,20.797535072466545,107.19978621249476,0
10.228577337741571,8.438755812414593,43.688926288279866,28.436192251976443,174.8473868299023,0
6.698874445846824,8.985030706336236,30.443428075377945,22.82105135188182,101.31195536812692,0
17.110565984939715,3.466686824433304,21.975449923865998,20.79275242935496,113.42452957508254,0
8.571590896215186,3.90088572818284,20.670740350768526,22.610800746481043,103.07561601866085,0
19.870681768978354,6.719175773959604,90.8851409906,24.776967339084994,95.59599814754635,1
3.5689402440632527,4.225738700420971,54.08422039729282,31.71090065622427,127.6494925505955,0
1.9039868549978474,4.909177564135524,34.06856333302326,15.329561272702115,93.47479552379815,0
21.977125554198853,5.05077684108482,30.090826750430423,25.115403294752102,64.4136620410943,0
48.926830625632434,1.1606536876046873,46.92500427220121,28.124517973270216,155.0938803534574,0
22.682541596035808,4.972324507811526,78.83991891116665,25.96724287495898,79.52041848813239,0
24.963664421364182,3.6205444518716523,19.214355062078546,31.549325847167673,58.38041384527096,0
17.66727407921899,4.013754355200456,27.985546849596492,24.62827335120738,117.89727854157418,0
18.950109439457986,7.887264006937628,44.83473737632179,24.077242789070276,161.67379621432843,0
4.267071178461096,2.4869862114414873,71.17452631475817,27.961647735066716,118.80144733789903,0
8.860203864059121,6.626410373495954,13.174535263381749,25.49656907475675,147.66581175437003,0
38.25948177597124,4.442074139336383,63.93250995572812,23.047956308597644,71.95453672123054,0
12.906477758675463,4.440479663008331,89.6655884876488,27.5807201979319,64.71287570739379,0
37.74519644784035,6.580743792103423,7.191531527381328,21.737358533916776,86.81228129085298,0
18.56398630568825,5.680102589137781,81.34746991663306,21.944114239903364,135.3591843474756,1
19.27098509398154,6.141225994439062,92.94185690817702,22.360029891171934,115.37483869932997,1
12.986026433926366,6.9363693210657225,46.11593017144682,31.765345800832037,118.11474371039392,0
27.5815652286691,4.337383233633354,82.91351708219946,8.894918220071432,101.29266988622348,1
32.31978467590632,3.775526530984499,77.18047730402238,26.97799417381471,87.35940246982538,0
8.439547637154101,2.829698946884404,54.271158878796086,25.17135907100111,102.76004961615742,0
4.710972390550739,3.3491789400420897,71.90462274311096,16.595647703809398,92.42912144205492,0
2.424057570202989,10.898188850617451,15.02994273705999,26.548633895680013,85.40051983942348,0
24.122598502524237,7.4893591614735735,32.341308587393016,27.37875995915766,110.08931382192186,0
22.203338482234322,2.2978512675839573,65.71310072057823,27.948196156787,89.59569625803468,0
74.01304238390857,2.3550840865128597,12.792029335088268,11.740859684775256,106.05990566995422,0
17.74555648456041,5.963732123436983,31.63674307718198,31.831947059272192,49.196254828180564,0
15.422326508261806,6.094529594755934,31.634265436667686,21.311316476575797,103.25097469896835,0
20.36250020228679,6.097767670634729,66.75405487831341,28.43283873376588,89.4165691459495,0
21.174283575578396,4.490088412892605,69.72213586803022,28.70536890341143,150.29083624296806,0
14.508445830370704,4.7490914799942,70.8901038784806,20.616514571903537,57.51402512447454,0
8.690040978161374,5.655759048318715,7.955404317631301,28.30229976175775,100.8009082656374,0
17.033137523448573,5.171786012586661,38.23126086294686,23.072533795438208,126.86988886638818,0
16.549217895661958,0.5613992545049298,45.15093465226632,14.643114103309214,93.61161952230668,0
16.34565335032281,4.540400738849613,93.08246763244081,30.838709627638895,88.44154965047055,1
29.610014786272977,3.297187131479373,56.16474646889134,21.1247751849188,126.72904561823971,0
16.800675988254568,5.350422837817024,59.850153199643415,20.72753268630973,114.46722125488542,0
4.819649287779492,10.97051800520682,43.03755421497313,22.984670659816388,117.22055592060158,0
9.971286434491946,5.7349633309486086,81.09907648537244,26.36118362663694,85.45533379117828,0
14.367529931794271,4.372940627655204,66.50611560854254,24.713647945889488,82.01421065899744,0
17.408763588943316,6.843603003954504,48.15563961111986,27.74033462353585,106.10135937298494,0
24.482855504224727,5.965375774418425,65.7295761735163,18.302553167356706,130.12377398947356,0
17.51296117401899,5.840188980903682,59.52891973150641,21.288068147846328,61.72889446664017,0
1.9600571583978346,6.213701186431342,78.74355383642262,24.42001463839233,94.68009397020458,0
5.419591501155571,9.113087129659082,71.33367693549889,34.48943646329353,83.1941715721095,0
25.673373858164275,2.7382231293481687,28.41603822188617,24.43093730793121,98.30682289259151,0
14.060200886606664,5.947264153622909,68.38032456879097,30.42611131830816,122.99612655930088,0
18.6605713321412,3.147237740036923,36.1450774575139,25.192775843921588,74.17703566103914,0
12.682673612752602,6.111025292684497,45.67650959662863,22.581706812812158,118.56371243243343,0
9.935667908520703,3.162626977027811,74.86925883123303,23.766377879427797,86.38005121158278,0
13.058820662191293,4.165266372789831,54.67962240152019,24.157901439855593,136.7056441932502,0
18.826802309868306,4.409820171524188,40.76982388205725,28.018228694803692,75.57671642698477,0
16.70602155332514,6.951633438689418,27.613856387136828,31.873056337882772,129.53802359947875,0
32.1764921714745,6.836908887884828,57.0938256118391,26.798404238431605,63.858964209323574,0
3.907161918018157,2.508565247107231,33.907912897112745,30.935388393708777,103.84067830785915,0
4.515537640869748,5.109868221999697,50.26023225913744,20.176051311851573,119.36224317349368,0
13.930098473183108,3.580840290501655,80.17191301840882,22.926847455929845,76.22594202970645,0
24.67973595615,2.482990178649331,21.550807152666003,21.378487328961665,44.698077396324635,0
28.513890111098277,4.5659658991512595,35.555485860303506,26.57222295437426,84.07694660877509,0
10.276859246612148,4.38303442308836,79.55277056376727,23.20520807410293,98.64599179439777,0
0.604388272942458,9.853432972691046,36.123312521442976,28.648864685170977,88.34157922920443,0
10.562531319109237,5.865919650721392,25.795861704635197,20.34499144183779,81.54776885991404,0
22.25379102803105,2.2447649984915254,38.518244208700466,25.215154866606408,127.34803604910114,0
16.46979763917663,3.8704519916581157,74.99951721241692,28.43428955506128,141.2196800623399,0
25.319653584875972,7.042766590858797,50.65035723186476,14.673486124796948,138.49597400366616,1
37.37845439505507,9.17688554573985,32.86582123558098,35.608156536651016,112.94440928379692,1
14.702687773574652,1.8280333755240834,62.114861755770875,23.58424057560062,117.78775099426105,0
11.573925361436736,1.24015122972191,80.39613281798178,14.874800431619136,72.14148897924926,0
7.654774486548787,8.741930350743564,44.94241015828469,25.79046949288393,95.74653962820207,0
4.488443460730651,5.779228354741807,28.250304360678907,25.167217339865754,101.2214121190919,0
3.3090542768040425,3.263414536247267,62.804287708649085,24.590528102137537,107.32019110470917,0
9.435241746088307,6.06925817224487,43.796543748336696,29.95595556463333,106.72398627365084,0
34.01907186040668,-0.2714954780337555,30.129678575852044,28.73722485713528,98.72497221837286,0
27.039980721253873,5.006751013194322,29.222327111208717,26.489380955119227,112.5295433950353,0
11.127960328058577,5.655642345686171,34.17393089204338,27.250778169733238,105.22357096214824,0
62.91102951167047,6.848540279075659,65.50724704123577,24.478207752809567,105.14754204417336,0
10.006133838412776,2.9722080954149246,53.256451916194536,33.877454246200244,77.85991623771547,0
39.75333737840822,5.171374322806718,83.0109690303536,17.604019908211168,66.79168991416971,1
46.04572675875464,3.1491507478808254,76.43679041873658,25.698258371079483,107.4890729873647,0
23.33804882923843,5.510767511348634,27.36357123505811,25.3251231559439,85.24620187550136,0
9.359092111294121,3.2093073552739515,22.42209398543908,29.066402030322966,79.02069186497098,0
12.381264414677949,4.183798321679559,23.501255385880693,20.7807306128755,120.33865664131125,0
19.166375612215138,3.008369210419542,38.943552349857654,16.28163698801732,96.07335196021863,0
4.623151963586022,6.3022724836473145,73.54972625790981,25.784115080490967,147.88631353484726,0
7.006818994574141,6.716902233313331,91.14536309045255,26.406152461093022,116.26962827467757,0
6.47532685559026,4.5307588600851725,57.48717335528014,32.447997047238246,76.31799701299484,0
24.599150784510883,5.076475989920056,29.522502386310016,18.648189768374568,120.81039088729293,0
37.13859043750958,2.1028171707329117,67.47883889919983,30.7734688335836,110.83912627509392,0
27.77790746257515,4.400646703986426,68.42442031674932,36.837071820135606,75.39671582456617,0
33.11612310985135,4.8995907659165105,80.97411855179536,23.111175562387615,81.95476152463341,1
8.681263156159774,10.241586182059951,49.62869348235341,18.54528890253388,118.9973027340055,0
12.838323223994827,2.7760659484516728,6.514918374920542,22.965128168133145,53.58798862418098,0
13.63362277754456,7.928354477504875,10.102041317951878,25.070024836856902,46.83110267547362,0
23.272113633934055,6.993717546931616,31.900726840444737,27.818939375034574,103.27440206594574,0
9.662814764084999,5.561272808980273,36.16333294756584,22.04302635080976,100.84818068955165,0
31.743811600981605,8.517240968390267,72.90431006850271,32.77599267073671,106.1626139348514,1
45.21092258532748,5.744210945213726,25.793960523752794,19.427338424959693,100.93875270876478,0
24.12002877681634,5.778318391335858,76.71267490822325,16.303974239136,112.07599363638961,0
12.385170401301796,4.89375869396491,57.78914984572866,30.533552121436585,141.8491661017075,0
8.010532711194987,7.4471377648372545,37.21305088919025,13.626894843969001,98.05847663885088,0
6.4897849703399775,7.192938467621767,63.492054547176615,23.97935115563642,60.10963629175212,0
1.9884236107727962,3.748645425007575,61.06085367168753,40.588405646040236,51.455190263580135,0
13.97036458943724,2.3615056108024652,73.11883056721217,24.939782235200344,87.61643305597794,0
13.342355838343952,4.594038725208685,57.59165094548548,19.39616174651875,88.33994656791837,0
30.426158559178546,3.399922871204707,63.182173639696174,24.713012681066033,63.37699713472779,0
10.215562672366127,4.87295085076929,18.8458728496017,24.74599605690233,43.92633622355241,0
14.600894417512666,7.474876269368279,68.14409638837604,25.803249701765584,85.57715034915988,0
20.58740302021984,4.08539668982642,53.603267387993284,28.3113149107981,161.39682356662513,0
23.842601296725682,4.91435323737685,70.14772680975129,19.804444158161303,110.62660365777535,0
28.067905631288582,5.1160454696167905,37.417646361491904,33.437740276183966,107.586240516925,0
19.114576067035646,6.696861764410569,75.75970347019161,26.22557142186309,92.72930390288992,0
4.904853143919197,0.5062213320307896,64.21159219109678,28.63397023200902,87.5699954151709,0
22.377435337825354,3.7865994104694067,54.68599115966045,21.859253001221788,114.1292192634022,0
9.592623709511827,5.4225673845589455,27.0073341429379,31.431910684977666,65.78154061895687,0
38.3087001885938,7.4001579128537225,37.539054833687,23.714737955934677,175.23741212342185,1
16.942792569360197,4.01619510498759,63.981676443710015,26.387762567467657,67.37410780735253,0
19.971987217638375,1.2468945879162519,57.291239428852904,20.334469614064453,117.37120392232461,0
77.86890426519233,6.239422891932272,39.8306501230623,20.015341867989367,69.37063566366349,0
28.40666620563927,3.7292752223487415,10.653290310903799,28.441026532264413,101.73573869481362,0
22.08755914010158,2.6206666818192774,25.716264507359345,22.78196584896307,121.33446144654398,0
14.942346337903922,3.751309220573552,70.26591506226706,20.730884562478114,56.306074616017966,0
5.330928421299706,4.630949284688301,28.53101407431133,21.78408328986485,71.81559583872787,0
14.111203792588372,3.7905106709235747,79.94397400295583,28.494765358587106,73.33898768816859,0
7.921269581210111,0.5888678858018617,94.54253794368312,21.854810693981946,89.8969964701023,0
48.8562507300951,6.794132393774264,46.362395692043975,24.41172534198918,105.70334935340297,0
22.29870970733648,7.549750082557445,71.540068412369,25.075138751435485,162.49299509508103,0
37.37978124079204,6.303043982679012,60.12901400419416,15.413255569948506,81.72477461654546,0
9.968805311083667,2.724628659150367,66.64323624226331,17.64436797313241,159.01639375984124,0
8.448500080596727,4.597016932104964,85.47584931604719,26.681389446237812,109.39977247266562,0
26.514985705218717,4.986957369541084,45.0770776799479,21.314853194236512,66.63786195686059,0
7.634124414580978,6.19758877912382,3.0442012006403787,30.283624556402092,92.86563441363478,0
11.63298633833275,6.336680977436162,69.1161879620461,29.834035521252723,60.44602983429894,0
50.38063732044881,3.5316524024430085,78.7514713383779,28.595843331777186,87.63232061570667,0
12.021438542044454,5.163991112827121,13.936036886418396,34.09885893656299,85.7181383770949,0
4.242905896438001,5.914560809230482,87.10014681686228,24.584553361284083,102.26723117620985,0
2.7033437165100533,7.911644644293533,93.13129961438698,28.244409629519197,117.49632854919595,0
3.7105019257673333,6.409013079649446,66.49435882785198,22.077995117019846,95.15839408297411,0
38.85770739589803,6.578113374751037,16.509537864118887,37.26184956434362,69.07427839898757,0
10.509150343082672,5.167653255858722,58.90303302247785,34.918168262180096,184.4196204537655,0
76.3105158632298,7.820918290407008,28.622966607142114,25.05940217258896,147.68081761239569,1
45.55433298523212,5.819525591918994,84.38393475371542,26.93293114952596,165.98293684897908,1
58.296050976829896,3.277824179652859,21.993106594210403,31.796487996824027,92.2176251966348,0
33.691036921119604,7.806739940250381,78.59777154168029,24.264302475929465,107.87497117624315,1
25.54613165259107,6.395806545078055,51.32458522687017,21.716879646001477,90.60870703605532,0
8.178121908135603,4.113911957743035,48.5459598164268,29.369948755034414,102.52779491316309,0
16.623140554335446,4.041014065201513,33.30837874219378,25.39219623041835,104.2451226036526,0
27.37039502313162,5.593151090281523,45.9065976340071,25.914972248226302,63.69805076106153,0
32.29174485341272,5.926369590535169,44.001418605505535,20.828643284660174,88.15430427373909,0
5.845441570210701,5.394584531262413,7.449072886851921,16.41163925818302,133.15519482461426,0
14.289463419619233,5.62261734688577,74.26653648691554,26.180712049395506,129.42746711494516,0
15.621888435640624,8.39991474915276,51.63870656411282,29.524810207471,87.63963968694533,0
15.14380356133643,7.143086304469771,67.0372910489844,23.87096625461979,104.87219168585924,0
6.632788548519671,5.381271182530049,70.37296725193225,32.182147597794334,89.7357449211955,0
53.89030980042431,6.882621161534967,70.38034998178367,21.480418372922276,118.92518880768526,0
13.910420092430137,2.934952192944921,60.73328590029724,19.7264777251704,56.146871284646174,0
7.09539623858247,5.795854099893618,64.5454130097223,24.663848464019345,114.22746995706838,0
54.75571604715214,8.61861269946622,81.2141235328164,24.587037123243547,150.91054394465877,1
45.582947503753246,4.563908209215253,59.83739890786007,28.849843656676114,77.59039540027636,0
18.552465673210424,3.3047321427618304,58.75540446000072,21.125185879680075,144.13969980238952,0
11.345089703650213,3.6958222228138786,62.27622568399367,31.840471184074488,106.53059624130351,0
3.3926051237082437,2.8207339253152233,94.31461355037864,34.834584812541266,95.0824141503446,0
24.215366647029633,3.4304761837445934,91.67480566235156,24.80427986515829,87.42520570391632,1
10.69206175138887,4.258983802819942,14.231164626552662,31.248552100921593,145.7873156563832,0
16.313968360481198,2.188865961642716,82.159602452608,19.7175146468737,89.82811864069518,1
51.612859896566626,5.031236667899206,21.49249565954941,30.37610770590958,158.29604947606367,0
10.038351304605875,6.804554347573294,52.108387901168804,30.236382042797313,152.2350875806592,0
23.48056707217082,3.184487639706159,23.447004297664105,29.317186400949392,83.48215196836138,0
28.641967506647692,8.038567847283538,37.03415533584491,24.92218455564853,91.93769305997625,1
38.05406674149643,6.021584177055189,11.82898527136134,10.228755293789844,50.53895708139229,0
15.40683101346767,7.061161171248115,69.2434660517387,21.791364281739355,96.06727930875336,0
14.173102600314149,3.684330892295726,67.89275475852804,21.870419911576988,99.86102737866699,0
13.910479681863867,6.709050454133232,94.90944370623542,20.10872530969761,137.6876969757155,0
21.873416535044704,2.816132199209374,64.99774806606925,25.61121502273533,154.94148163575343,0
44.31841332033804,6.780495001673017,12.515299181870784,22.905182772393825,122.47020377741728,0
13.405785117288417,5.343678679587063,72.2063325953533,20.87693995117489,134.028472280915,0
0.8723404079002772,6.106502439969567,32.676657957371795,19.7059992587609,91.91446006502977,0
30.88297909820577,2.6488107887502967,54.032514884181246,21.422435072573855,65.00257484073938,0
17.54655854385509,3.2098603154467904,21.902096683666798,30.60749605924964,106.46796669061496,0
24.254125268990293,6.194456436506769,87.14302835855896,21.69487472686253,136.93624244396682,1
3.5382989988373934,3.1033039915515985,38.12793542531785,22.425306467833636,37.56432117107226,0
10.727132731632135,5.926412584198246,31.9141754445241,22.71651192488377,101.3675251200364,0
29.16718411317406,2.2657243870795085,81.82621049621932,26.694967569047098,52.846557805158554,1
5.1518840749716315,6.696348425333336,35.53266522985592,27.281247442642663,75.57481346520434,0
23.44255355498021,2.534953370462982,76.70968794368947,9.77671730378419,102.65085048164822,0
16.210758503858,6.104599875359046,47.3259701658138,30.10817606913804,155.77845817493107,0
8.868156108780594,6.251261867292001,41.440338146639924,32.18184017121877,98.14471419510367,0
8.242109603142204,3.6064563631408504,16.3607701876227,19.749067313191652,119.91329108929057,0
6.69138843940476,6.164053134169453,75.95168042754578,20.13850877632583,106.1391681310799,0
17.475698770090055,5.520884526667112,91.13349107705749,22.74873306110864,77.0433172555495,1
19.049865273930685,3.9223162876145237,50.04677666368266,21.219979902716975,112.68743558990978,0
12.363204755873223,2.982890631847584,83.75093932594756,26.11963436973303,64.42988128758914,0
6.303456754361089,1.074748616654842,26.91690305556046,15.267373568205679,97.69704243200232,0
22.961780533520773,5.699300094599387,55.26414684346608,19.4103619598163,144.8833752964595,0
31.2719721762631,1.8703944572758897,32.54307800754448,32.69598600087454,103.56153039795822,0
26.005847741057604,5.1906883988826165,75.57332859183148,20.35890016325991,106.15375489811939,0
59.83856054897125,4.473103567835501,38.33995103083809,31.217141390514627,87.59162782780977,0
14.415232254860598,6.358285550876391,58.796740994638775,26.776690977950686,57.46911900518085,0
41.46279024126968,4.3959090010202715,73.4675338398031,15.953661427058709,90.77919372915387,0
9.640875972949704,4.341104427305817,86.95202465307854,28.17664597608103,127.31596434762056,0
8.331726571228334,6.463741408576591,85.33892132556163,24.411663489035732,110.40077867842272,0
18.301023236287865,5.670116058168235,10.346741992627509,22.722664718751297,65.65078571183182,0
47.67008447906544,5.632311914365556,68.3692412821449,26.22478546586002,51.93912159570494,0
13.176116613346148,5.938535179617053,54.86328177112717,27.373167427833963,76.75419713348278,0
3.535336708719724,1.9288557535857884,55.71038519689952,28.5379591098731,91.07171978290046,0
30.86476035652279,6.513577359973964,65.37796850509545,30.89126423774001,93.13656174675143,0
15.681852912568178,6.224937588027204,24.66491154429386,27.040679563891782,93.52677687441326,0
20.828710898354945,2.9666337428470055,68.7934197549544,18.121829556068192,97.83894635591918,0
8.723151996908134,4.511839052651597,33.9085163666786,22.631772711744045,111.56087469578884,0
18.17216559332757,4.921385424744738,18.002401377675785,39.715241676343105,85.69710612836926,0
4.140483905148243,4.731006431196534,73.32328377887927,28.622455301908637,71.38438499304614,0
54.43427811656852,5.66771993313707,75.34610666906593,36.846436504057486,115.61447745728185,0
34.85981739579558,7.862733563662367,78.71920443647686,31.977170410995924,128.2964943419507,1
17.558115074621213,7.163533455345657,44.9589664523608,26.209010357778745,81.36631330350781,0
30.277919209856353,2.3755616131371875,84.181351388437,26.50703534890559,175.6472957174991,1
9.662531100381486,6.244139980612097,66.89411282580342,24.81709980061577,153.00610850320584,0
33.81292204330235,7.65786663907082,76.02936414191116,16.3109769207675,67.17467157101427,1
12.707553493391927,5.773617041378405,77.25139097797604,25.090236262341122,53.19853137810918,0
11.979826531363898,7.181960850371934,40.97678565477494,31.053372762710985,92.32875212722274,0
7.126980241702123,9.02454089140153,37.74645520299456,22.00180002589398,106.37422304342108,0
22.75523369146881,7.047419092213962,58.70190731900584,27.05976499530905,174.76989418259342,0
16.981297857157685,5.498617191283458,87.76567299366633,29.257955229465985,172.7732652069481,1
42.35426034187414,7.090176948169507,52.39990130764254,20.451597803437622,120.00552579615187,1
6.3694842322932015,5.2897756661937825,54.63170848868582,22.743485678281676,86.2592558847972,0
22.830118646839207,5.047806086569911,66.51274473804443,19.910442547614203,139.63445995336218,0
37.17564592873115,4.297171528572535,37.75882100501674,20.889171966552965,101.58277978971661,0
19.304215214783788,8.126826717664215,82.37366703938474,18.561973581734694,62.478776047062894,1
12.510427036205966,3.363142668115997,38.93945114396349,20.497757693109868,63.25684084269183,0
18.937457064522828,8.064735449356231,71.90554526259949,32.09727840398919,86.44474372866227,0
40.11989145921909,5.999728247480743,73.10094486400519,20.422614854548538,132.04930097639337,0
40.108704979803456,2.201387650396117,71.3683700606537,25.63229609530345,69.02224960656719,0
15.188403607100193,5.735298585982843,64.49360285152598,22.485656231645223,86.38419355309004,0
39.6440412264159,0.799946984696752,29.447859233790485,30.894329685184694,152.56625258410853,0
16.373180981929654,6.251016033662071,84.76866677395635,31.555811483018083,110.34004745008818,1
30.044914244543715,6.770462965977982,2.9375013265613044,29.320349910694734,166.26367368422257,0
24.768244220457763,3.815288088695893,51.25717256384389,26.530672765513778,114.44732606362777,0
12.103423119518599,5.247095391911165,63.127416509213404,23.84470231579551,133.59421052731034,0
7.369381238255635,8.908314867500572,55.32974347795584,19.040626479043752,86.95301778662329,0
37.835678033088854,3.988506591476127,39.53192082172766,34.71764440561098,155.98842482781095,0
45.03156111081247,2.882184825886799,64.17863878082521,21.20163491123723,121.15838252550135,0
22.44100561114945,7.963326804925197,69.81142316983434,28.318231735164208,94.1037411305513,0
16.35625009218635,8.92517438106159,75.36552540214917,30.297827863116986,146.12451417656314,0
5.608895345966585,5.007391343695694,69.72853314172099,22.22359751547335,119.44601362731359,0
37.18211123980046,7.0229260708167125,65.56069530927883,30.19006263657981,97.10597710887411,1
20.59792631491338,7.682951831061763,75.32844557677237,28.821066016694278,115.52685717459457,0
13.542678217491835,3.515031534923232,62.5560706354898,33.63981917690883,73.4923486766484,0
30.635359092482368,4.029388329264263,30.005566078935004,22.653267667866444,139.797543092707,0
4.629450842217815,7.4617490263094695,28.528612297013883,18.570679913601424,173.75777965918468,0
6.800814418417616,8.370028557417019,56.0236695135484,22.472551222777444,56.62186058793405,0
9.358832007483462,6.125761720348709,29.479384663175633,26.044267712671658,81.06786485745829,0
24.220463530267367,3.240371292995891,8.17382338935385,25.29106363542528,78.88710548160962,0
19.09421771746594,8.974122223398883,79.13656428921543,23.032810518627247,123.59990016844688,0
26.277150421353824,3.938058204376071,90.0244377741073,15.454012705113785,104.61342538501572,1
35.489647397232424,4.329724437657097,34.721531587549286,27.352414980645534,85.00800251223725,0
26.944690461350234,5.684675668979243,41.22685507373933,34.861722395411,89.16057871269936,0
55.19327049000129,8.10832084142955,35.169572927333284,27.321256190615017,82.49857713305447,1
35.433710871827614,6.707951953104447,57.65538516885841,28.04567759526757,118.62438813698586,0
15.160357457289042,5.829731000723821,30.56749829875658,27.86222653077551,104.06709275048325,0
10.666851615503283,5.9265770602362124,40.25996595197978,26.985233349412,87.7801308355888,0
15.524995054329624,5.087029337286932,68.54413509426475,29.658329834340474,82.97818737270028,0
27.605832441636164,6.116279029037012,23.74946099477758,26.97686840592833,146.9660089602288,0
11.653029214677812,-0.059120155388606044,48.46629000242719,23.43661415173362,138.63272223338024,0
28.139832761860966,4.406785081860403,19.21748872152176,21.02005544995623,119.06633254527125,0
25.940136026955393,5.482643869833562,23.929209739670515,23.755131723596623,133.81924505828852,0
7.272191185825905,2.697971832760986,16.98420955208802,26.570647482253328,62.68451054456442,0
34.98526048026806,5.77264663562312,55.244948045104906,23.41958519438513,68.8159749310728,0
21.872206498569188,4.591057558027757,47.4258153929775,26.57169341565715,66.37300815270909,0
53.442460496711135,8.510951396630979,5.8853311111061934,27.195750668502086,98.05902423073897,1
16.41721560196504,8.146039450429713,48.108413911674766,29.16589715635091,135.25321281282044,0
13.051030878162518,4.068388861763674,16.8737886864116,31.413974844194904,85.39743549708574,0
6.428892495069757,4.698324576866609,86.42433305852883,25.390037092394287,141.27635683530963,0
6.332777942361506,4.852104868783215,69.74879738848891,18.461117174261695,81.01144420685213,0
32.191575958527615,4.096681047680755,72.19370265589174,23.274479515904048,93.73846590521822,0
49.94062706404126,5.390049968056253,69.76879398218603,25.220312837032996,85.08440698766181,0
15.354271608348604,3.4834358622248196,46.696210669165,15.821156219114549,91.44156084204356,0
14.58080979851464,2.7387693301249474,70.23353230902825,31.94332260051241,94.62568387762977,0
17.58749251148118,6.245422447800538,32.51391296440238,25.711889562552333,52.66800606403468,0
36.616302283151825,6.259059168443621,50.4320272004061,26.906764172901426,109.36363634508774,0
7.332406566570508,3.3913684806800153,23.014925516601412,31.82763231263133,93.91966297129146,0
19.937281867886714,6.790710861525199,92.8179980170433,21.849285849288265,155.87359609655152,1
32.692514895089644,3.7368445416693374,10.739747190050169,27.87020965442015,117.18468527068991,0
24.008846041055595,5.506330476075963,33.578572676211415,24.45067938449032,107.84585630993064,0
0.4591897610956338,6.640688025224912,28.63273079805671,24.079565664920402,152.77777080679712,0
27.039079645441735,4.932774870592574,92.47573072707905,21.139038060978102,147.6356981711065,1
24.17568328925258,5.909481824282269,48.53966736653795,33.32801606843264,158.18932968152995,0
41.433930055587645,3.9671407122248565,29.21250568631847,23.122499799622144,82.60787952955528,0
47.34824603079005,4.607066833143806,64.00311193500987,28.49732123447851,65.83683438165211,0
40.057708057130405,4.588281138239319,84.63954768937097,15.624963062640319,52.76036865054104,1
17.659601345861798,3.506843306919522,47.984125150893284,30.899942648448935,133.22345182172188,0
3.360263411832149,4.646451673768436,20.262948256300326,30.261055779785295,49.9431776994394,0
14.497548983788253,1.9027634022725066,26.483442567746195,25.487170551486514,104.56026013809856,0
17.23593285506429,4.01769250571579,78.57140901972474,23.865287669310376,126.93463453953177,0
49.524213492031535,4.430249013260658,72.17638113417834,27.00000002806783,58.20231454609575,0
8.801532484233997,4.48764049500924,33.96801417158375,36.44395330440145,70.68351057774859,0
4.773581239615695,4.517005108258442,42.73057735438012,16.183816505482575,139.5046555362846,0
11.716034731138599,4.876471600279742,59.85892430094605,28.91013693787064,114.19954882081845,0
9.230465612998067,5.958883036172128,70.04093807172053,20.441913489230487,139.2410422856594,0
